Area,Year,Head,Tonne,Land under temp. meadows and pastures,Land under perm. meadows and pastures,Value,Export Value,Export Quantity,Temperature_C,Rainfall_mm/yr,Manure_kg,Nutrient nitrogen N (total),Nutrient phosphate P2O5 (total),Nutrient potash K2O (total)
Austria,1991,865392.0,3329700.0,0.0,1512.9,454.8,2543.0,3430.0,6.3,1080.48,18194001.408,132000.0,70400.0,86300.0
Austria,1992,841099.0,3286583.0,0.0,1507.0,499.6,3884.0,4879.0,7.45,1066.12,17683265.376,124000.0,65000.0,78000.0
Austria,1993,817935.0,3269622.0,0.0,1501.0,468.6,2992.0,3960.0,6.86,1049.61,17196265.44,120000.0,64000.0,78000.0
Austria,1994,804264.0,3278429.0,0.0,1495.1,478.9,2645.0,3356.0,8.11,1029.76,16908846.336,121000.0,56000.0,73000.0
Austria,1995,638339.0,2948170.0,0.0,1489.1,372.9,29680.0,63851.0,6.83,1144.6,13420439.136,125000.0,52000.0,60000.0
Austria,1996,633139.0,2956591.0,0.0,1487.3,363.6,56224.0,188400.0,5.84,1182.63,13311114.336,125309.0,52272.0,59755.0
Austria,1997,629875.0,3015009.0,0.0,1485.6,316.3,43040.0,131966.0,6.98,1067.58,13242492.0,131819.0,59969.0,71573.0
Austria,1998,617898.0,3042623.0,0.0,1483.9,321.4,54906.0,154977.0,7.13,1109.68,12990687.552,127537.0,57264.0,61537.0
Austria,1999,618744.0,3131892.0,0.0,1482.2,308.9,88923.0,248660.0,7.17,1172.43,13008473.856,119492.0,53503.0,59716.0
Austria,2000,620580.0,3233156.0,0.0,1470.2,267.1,102391.0,348353.0,7.97,1171.79,13047073.92,121644.0,48548.0,55241.0
Austria,2001,611739.0,3299567.0,137.2,1458.1,298.2,129030.0,378148.0,7.03,1058.36,12861200.736,117093.0,47192.0,53929.0
Austria,2002,599962.0,3292203.0,144.5,1446.2,296.4,104027.0,292126.0,7.73,1212.56,12613601.088,127585.0,47138.0,50099.0
Austria,2003,572860.0,3229885.0,151.616,1434.2,335.2,107491.0,259251.0,7.35,891.8,12043808.64,94435.0,45193.0,50014.0
Austria,2004,540737.0,3137322.0,157.8,1422.1,366.3,130014.0,291608.0,6.75,1080.3,11368454.688,100789.0,39357.0,49532.0
Austria,2005,538431.0,3113658.0,165.5,1410.1,365.6,132286.0,294819.0,6.42,1125.97,11319973.344,99702.0,36320.0,45820.0
Austria,2006,533030.0,3146657.0,170.1,1398.1,375.1,168973.0,359557.0,7.22,1043.76,11206422.72,103692.0,34979.0,40738.0
Austria,2007,526072.0,3155068.0,163.5,1386.1,462.6,237719.0,402492.0,7.8,1164.0,11060137.728,103262.0,37925.0,46000.0
Austria,2008,527433.0,3195948.0,156.6,1374.1,569.8,337077.0,490335.0,7.65,1097.08,11088751.392,134382.0,44704.0,49787.0
Austria,2009,532295.0,3229809.0,159.4,1362.1,402.9,265682.0,516213.0,7.5,1223.73,11190970.08,86254.0,17531.0,14536.0
Austria,2010,534059.0,3257738.0,165.2,1350.1,419.9,288218.0,554114.0,6.53,1158.11,11228056.416,90639.0,22121.0,23356.0
Austria,2011,531101.0,3307130.0,163.3,1332.4,490.7,355969.0,605828.0,7.91,947.19,11165867.424,116751.0,29268.0,34445.0
Austria,2012,526993.0,3382076.0,161.6,1314.8,435.6,332266.0,634776.0,7.68,1126.57,11079500.832,97721.0,26198.0,32478.0
Austria,2013,525258.0,3393057.0,161.9,1297.1,499.2,378428.0,609499.0,7.36,1167.4,11043024.192,112005.0,29658.0,35574.0
Austria,2014,534041.0,3493861.0,162.3,1297.1,524.1,377598.0,587755.0,8.36,1242.28,11227677.984,111615.0,32731.0,32559.0
Austria,2015,537744.0,3537757.0,158.0,1306.86,373.7,272564.0,573173.0,8.29,1076.54,11305529.856,130252.24,31646.22,38295.44
Austria,2016,536711.0,3627606.0,153.34,1258.81,346.2,238069.0,531938.0,7.75,1346.71,11283812.064,122622.76,31045.4,31596.01
Austria,2017,540820.0,3712727.0,144.24,1258.81,421.4,281442.0,541803.0,7.69,1271.81,11370199.68,117703.82,31625.1,38093.23
Austria,2018,532870.0,3821190.0,148.53,1258.81,477.1,272382.0,508387.0,8.54,1099.63,11203058.88,113135.88,28464.06,35110.16
Austria,2019,524070.0,3781340.0,154.77,1258.81,414.2,268346.0,506950.0,8.39,1188.97,11018047.68,98234.09,26499.97,32353.24
Austria,2020,524780.0,3815470.0,154.889,1258.81,430.6,295453.0,516087.0,8.24,1279.32,11032974.72,106482.81,26503.71,36690.24
Belgium,2000,615857.0,3689000.0,0.0,507.0,276.3,211986.0,638997.0,10.96,1043.98,12947777.568,106482.81,26503.71,36690.24
Belgium,2001,625139.0,3694000.0,96.7,521.0,283.6,237238.0,680987.0,10.48,1088.7,13142922.336,106482.81,26503.71,36690.24
Belgium,2002,602276.0,3469000.0,77.0,536.0,272.9,238567.0,658099.0,10.9,1033.0,12662250.624,151095.0,43206.0,77116.0
Belgium,2003,559423.0,3400000.0,76.0,536.0,304.7,256519.0,593871.0,10.78,730.79,11761309.152,153095.0,43206.0,87116.0
Belgium,2004,542674.0,3060000.0,77.0,530.0,356.3,266556.0,584213.0,10.38,882.16,11409178.176,146645.0,49938.0,86733.0
Belgium,2005,523281.0,3025000.0,81.0,519.0,343.2,219717.0,501634.0,10.69,867.01,11001459.744,144770.0,49829.0,85612.0
Belgium,2006,507327.0,2836930.0,82.0,517.0,323.3,234008.0,527058.0,10.98,891.7,10666042.848,139966.0,47292.0,87124.0
Belgium,2007,500005.0,2878636.0,81.0,507.0,444.4,319503.0,569997.0,11.09,988.59,10512105.12,152688.0,45304.0,83147.0
Belgium,2008,517190.0,2849228.0,80.0,500.0,453.5,358400.0,581987.0,10.57,936.48,10873402.56,136671.0,15917.0,36880.0
Belgium,2009,524580.0,2954385.0,80.0,502.0,315.5,310670.0,638653.0,10.64,885.15,11028769.92,155616.0,23010.0,58266.0
Belgium,2010,500000.0,3066630.0,79.0,500.0,387.4,353057.0,707589.0,9.36,910.47,10512000.0,171234.0,27820.0,71951.0
Belgium,2011,488000.0,3101050.0,80.0,489.0,443.6,390032.0,696791.0,11.19,795.14,10259712.0,166554.0,24818.0,70818.0
Belgium,2012,485112.0,3071716.0,71.2,507.0,369.9,372395.0,730916.0,10.43,1001.32,10198994.688,165325.0,24817.0,73685.0
Belgium,2013,460307.0,3474000.0,70.7,498.2,474.3,337357.0,541977.0,9.92,887.03,9677494.368,167414.0,24379.0,70438.0
Belgium,2014,519088.0,3689440.0,68.0,492.0,465.4,385670.0,627069.0,11.71,894.0,10913306.112,175892.0,16679.0,55822.0
Belgium,2015,528778.0,3988147.0,81.0,476.0,291.5,368100.0,812054.0,11.07,845.68,11117028.672,177198.0,17888.0,58308.0
Belgium,2016,530587.0,3881626.0,90.0,478.4,273.0,265585.0,616019.0,10.75,951.0,11155061.088,171826.0,18757.0,59833.0
Belgium,2017,519159.0,4025417.0,91.0,468.0,367.3,362320.0,704436.0,11.06,880.52,10914798.816,172303.15,18765.69,60467.01
Belgium,2018,529250.0,4195000.0,93.0,480.0,351.8,327096.0,629040.0,11.64,777.59,11126952.0,174798.0,19368.0,61381.0
Belgium,2019,537960.0,4293000.0,95.7919,475.464,338.5,333273.0,665841.0,11.38,873.99,11310071.04,175025.0,19159.0,61212.0
Belgium,2020,537940.0,4449000.0,93.94,476.1192,327.2,345620.0,666445.0,11.88,845.66,11309650.56,175025.0,19159.0,61212.0
Bulgaria,1991,574024.0,1759490.0,0.0,1999.0,327.2,69.0,275.0,10.05,659.11,7259825.034,377268.0,61115.0,33200.0
Bulgaria,1992,486644.0,1590460.0,0.0,1824.0,327.2,3000.0,11885.0,10.47,522.96,6154708.329,189175.0,26388.0,21400.0
Bulgaria,1993,418940.0,1341140.0,0.0,1811.0,327.2,119.0,475.0,10.25,499.08,5298438.915,166139.0,36500.0,2300.0
Bulgaria,1994,349281.0,1198110.0,0.0,1942.0,327.2,98.0,358.0,11.65,588.92,4417444.12725,207700.0,14769.0,2599.0
Bulgaria,1995,350533.0,1165050.0,0.0,1962.0,327.2,10.0,25.0,10.62,773.37,4433278.48425,207700.0,14769.0,2599.0
Bulgaria,1996,369768.0,1163106.0,0.0,1762.0,327.2,12.0,8.0,10.24,629.84,4676548.338,152000.0,13000.0,27000.0
Bulgaria,1997,356644.0,1196680.0,0.0,1706.0,327.2,16.0,12.0,10.07,702.38,4510565.829,157800.0,11029.0,31000.0
Bulgaria,1998,387055.0,1327000.0,0.0,1829.0,200.4,16.0,16.0,10.82,737.18,4895181.34875,135000.0,9000.0,25000.0
Bulgaria,1999,421428.0,1388800.0,0.0,1820.0,143.2,0.0,0.0,11.54,686.12,5329905.273,110594.0,6012.0,6000.0
Bulgaria,2000,430983.0,1410663.0,0.0,1804.0,159.7,25.0,18.0,11.54,433.63,5450749.74675,144900.0,4000.0,2600.0
Bulgaria,2001,416299.0,1224050.0,91.0,1786.0,165.7,90.0,119.0,11.45,552.33,5265037.52775,172302.0,26280.0,1500.0
Bulgaria,2002,358649.0,1305912.0,90.0,1742.0,163.7,83.0,142.0,11.52,703.82,4535923.56525,283556.0,90637.0,7500.0
Bulgaria,2003,358178.0,1308525.0,88.0,1789.0,189.3,73.0,107.0,10.69,615.62,4529966.7105,315624.0,170934.0,3011.0
Bulgaria,2004,361846.0,1344750.0,98.0,1806.0,256.5,121.0,119.0,11.08,630.66,4576356.8235,240614.0,23347.0,3901.0
Bulgaria,2005,368719.0,1286909.0,96.0,1904.0,266.2,102.0,122.0,10.7,808.69,4663281.37275,189946.0,39325.0,6267.0
Bulgaria,2006,347754.0,1298709.0,94.0,1876.0,269.4,135.0,167.0,10.86,679.76,4398131.7765,146882.0,76428.0,8270.0
Bulgaria,2007,350144.0,1148328.0,95.0,1842.0,342.2,468.0,577.0,11.95,694.18,4428358.704,200117.0,109423.0,5159.0
Bulgaria,2008,335866.0,1143190.0,102.0,1829.0,447.2,1028.0,1076.0,11.86,510.9,4247781.2685,213562.0,122366.0,7590.0
Bulgaria,2009,314668.0,1073401.0,95.0,1719.0,335.5,350.0,444.0,11.83,751.01,3979684.863,278360.0,46888.0,3825.0
Bulgaria,2010,296757.0,1124360.0,89.0,1702.0,340.5,606.0,1023.0,11.79,787.21,3753159.96825,270129.0,28148.0,10935.0
Bulgaria,2011,308165.0,1125824.0,85.0,1678.0,432.4,3995.0,5737.0,10.88,532.72,3897439.79625,371015.0,48780.0,12723.0
Bulgaria,2012,306843.0,1093034.0,83.0,1647.0,408.6,4992.0,6796.0,11.88,663.29,3880720.13175,245000.0,49000.0,24000.0
Bulgaria,2013,288749.0,1148534.0,83.0,1381.0,414.0,3890.0,5259.0,11.97,604.88,3651880.79025,292381.0,52123.0,35188.0
Bulgaria,2014,307097.0,1102732.0,88.0,1364.0,435.5,3482.0,3862.0,12.01,949.68,3883932.53325,296591.0,54268.0,28429.0
Bulgaria,2015,295374.0,1028036.0,94.7,1368.7,327.2,7835.0,12764.0,11.86,754.09,3735668.8215,329546.0,65931.0,32714.0
Bulgaria,2016,276160.0,1018567.0,109.0,1384.0,304.3,3427.0,5589.0,11.91,693.42,3492664.56,365913.0,82623.0,34012.0
Bulgaria,2017,271329.0,968177.0,117.95,1392.35,377.3,4040.0,6731.0,11.76,760.61,3431565.69525,351120.0,67753.15,36909.0
Bulgaria,2018,244360.0,898770.0,119.0,1399.0,396.1,8379.0,13455.0,12.35,718.75,3090482.01,339329.0,76274.43,42917.0
Bulgaria,2019,226690.0,822300.0,124.0,1408.0,383.6,6654.0,10364.0,12.82,562.68,2867005.1025,352486.0,76780.94,42917.0
Bulgaria,2020,241940.0,881760.0,127.0,1404.0,383.6,7010.0,9807.0,12.5,629.39,3059875.665,364335.0,78935.33,42917.0
Croatia,1992,368942.0,708300.0,0.0,1079.0,383.6,766.0,1276.0,11.67,1045.65,7756636.608,364335.0,78935.33,42917.0
Croatia,1993,317000.0,620700.0,0.0,1093.0,383.6,635.0,910.0,11.08,1088.5,6664608.0,364335.0,78935.33,42917.0
Croatia,1994,327634.0,600040.0,0.0,1091.0,250.1,5010.0,2168.0,12.38,1009.01,6888177.216,95000.0,50000.0,48000.0
Croatia,1995,308336.0,593856.0,0.0,1099.0,305.9,2699.0,3832.0,11.09,1246.07,6482456.064,93000.0,41000.0,47000.0
Croatia,1996,283450.0,621693.0,0.0,824.0,294.2,5223.0,7914.0,10.37,1225.62,5959252.8,101600.0,48200.0,52500.0
Croatia,1997,279486.0,622158.0,0.0,833.0,232.4,9196.0,14834.0,11.14,1036.52,5875913.664,152000.0,56000.0,67852.0
Croatia,1998,270348.0,634587.0,0.0,830.0,229.4,15831.0,25276.0,11.41,1128.46,5683796.352,94996.0,38000.0,43392.0
Croatia,1999,268284.0,622296.0,0.0,835.0,209.5,7654.0,13851.0,11.46,1205.43,5640402.816,99400.0,43800.0,51000.0
Croatia,2000,254702.0,606816.0,0.0,258.0,187.3,4489.0,10761.0,12.42,928.17,5354854.848,116000.0,49000.0,58000.0
Croatia,2001,254293.0,654825.0,30.62,255.0,209.8,3372.0,8859.0,11.49,1076.72,5346256.032,99000.0,38300.0,38300.0
Croatia,2002,257019.0,696360.0,30.15,253.0,251.5,4476.0,10441.0,12.13,1199.82,5403567.456,129821.0,39876.0,50799.0
Croatia,2003,234472.0,662530.0,30.0,261.0,293.8,7750.0,15224.0,11.71,798.35,4929539.328,123597.0,63829.0,65555.0
Croatia,2004,238050.0,684379.0,30.0,259.0,328.1,9554.0,17196.0,11.11,1199.28,5004763.2,145499.0,48844.0,70416.0
Croatia,2005,239336.0,790772.0,28.0,265.0,344.6,9509.0,16773.0,10.69,1197.81,5031800.064,124858.0,76410.0,55838.0
Croatia,2006,234548.0,848717.0,31.0,273.0,344.3,8659.0,15865.0,11.53,947.28,4931137.152,191158.0,82036.0,62280.0
Croatia,2007,235537.0,859258.0,34.0,270.0,389.6,14249.0,24009.0,12.31,1048.48,4951929.888,212374.0,77708.0,59292.0
Croatia,2008,219899.0,825679.0,36.0,342.4,498.5,17717.0,22238.0,12.22,1058.59,4623156.576,263430.0,90606.0,72207.0
Croatia,2009,212400.0,799000.0,39.0,343.3,397.4,20357.0,32354.0,12.09,1141.27,4465497.6,93224.0,44360.0,5407.0
Croatia,2010,182400.0,769000.0,40.0,345.4,389.2,15108.0,22600.0,11.2,1352.65,3834777.6,117400.0,102253.0,49234.0
Croatia,2011,183700.0,780000.0,41.0,346.4,482.8,20006.0,26097.0,12.1,760.43,3862108.8,139848.0,98478.0,40558.0
Croatia,2012,181000.0,809526.0,39.1,345.6,411.6,18815.0,23458.0,12.28,994.14,3805344.0,106884.0,32820.0,33770.0
Croatia,2013,166000.0,717000.0,27.4,618.0,454.1,12666.0,14794.0,11.99,1252.99,3489984.0,77920.0,28680.0,34334.0
Croatia,2014,176400.0,711400.0,76.0,618.0,472.8,8255.0,10308.0,12.62,1467.65,3708633.6,73680.0,38649.0,43868.0
Croatia,2015,155100.0,694400.0,73.0,618.0,361.7,7327.0,11978.0,12.51,1074.47,3260822.4,87428.0,29544.0,36401.0
Croatia,2016,146300.0,670600.0,66.0,600.0,329.5,9386.0,17113.0,12.1,1197.94,3075811.2,72320.0,13241.0,18477.0
Croatia,2017,145100.0,648400.0,69.0,608.0,356.7,11194.0,19349.0,12.13,1028.21,3050582.4,98412.0,34104.0,41953.0
Croatia,2018,136000.0,618000.0,64.0,608.0,389.8,14395.0,22613.0,12.92,1080.57,2859264.0,99420.0,35647.0,42613.0
Croatia,2019,130000.0,599000.0,71.0,607.0,375.4,13315.0,21992.0,12.91,1250.94,2733120.0,97099.0,34424.0,42748.0
Croatia,2020,110000.0,596000.0,71.0,537.0,383.4,15783.0,25489.0,12.46,1082.7,2312640.0,98963.0,35210.0,43383.0
Cyprus,1991,16903.0,104000.0,0.0,4.0,265.0,0.0,0.0,17.99,606.62,1051067.628188,12272.0,8070.0,1802.0
Cyprus,1992,17123.0,107000.0,0.0,4.0,291.5,3.0,15.0,16.94,431.3,1064747.736938,15999.0,9800.0,2560.0
Cyprus,1993,16604.0,118000.0,0.0,4.0,277.6,0.0,0.0,17.93,350.51,1032475.11675,14512.0,9693.0,2008.0
Cyprus,1994,20203.0,126000.0,0.0,2.0,286.6,0.0,0.0,18.85,601.63,1256269.259438,14404.0,9857.0,2053.0
Cyprus,1995,21783.0,139000.0,0.0,2.0,307.4,60.0,107.0,18.21,300.39,1354517.313188,12948.0,10211.0,2416.0
Cyprus,1996,20602.0,138000.0,0.0,1.2,313.3,140.0,157.0,18.47,489.34,1281080.002125,13765.0,9459.0,2225.0
Cyprus,1997,20574.0,133200.0,0.0,1.1,297.9,69.0,97.0,17.69,428.3,1279338.897375,10760.0,7750.0,1829.0
Cyprus,1998,19148.0,134000.0,0.0,1.1,324.6,96.0,129.0,19.08,436.18,1190666.91975,10824.0,7500.0,1970.0
Cyprus,1999,19287.0,132500.0,0.0,1.1,324.3,63.0,82.0,19.19,290.49,1199310.261188,10884.0,7361.0,1938.0
Cyprus,2000,18963.0,146600.0,0.0,1.1,281.3,24.0,11.0,18.48,493.39,1179163.191938,7828.0,4898.0,1689.0
Cyprus,2001,19708.0,141500.0,0.0,1.0,290.9,19.0,18.0,19.55,505.94,1225489.01475,7908.0,5156.0,1643.0
Cyprus,2002,21304.0,141497.0,0.0,1.0,332.6,5.0,2.0,18.8,438.03,1324731.9855,8629.0,5688.0,1648.0
Cyprus,2003,21416.0,162340.0,0.0,1.0,448.6,12.0,9.0,18.95,585.69,1331696.4045,9591.0,6551.0,1580.0
Cyprus,2004,20715.0,151220.0,0.0,1.0,523.0,0.0,0.0,18.73,500.05,1288106.603438,8209.0,5191.0,1449.0
Cyprus,2005,19349.0,147300.0,0.0,1.0,528.2,0.0,0.0,18.66,389.97,1203165.564562,7225.0,4903.0,1276.0
Cyprus,2006,19405.0,148630.0,0.0,1.0,540.7,4.0,4.0,18.52,368.42,1206647.774063,6638.0,4726.0,1174.0
Cyprus,2007,19291.0,144100.0,0.0,1.9,584.6,0.0,0.0,18.97,443.22,1199558.990438,6340.0,4517.0,1203.0
Cyprus,2008,19254.0,152264.0,0.0,1.4,741.2,132.0,189.0,19.04,278.42,1197258.244875,4785.0,2151.0,2294.0
Cyprus,2009,18762.0,152100.0,0.0,4.3,707.1,5.0,3.0,19.06,613.16,1166664.547125,7031.0,5142.0,3595.0
Cyprus,2010,19113.0,151015.0,0.0,2.0,678.1,0.0,0.0,20.35,418.97,1188490.538813,8437.0,5235.0,3077.0
Cyprus,2011,19640.0,156017.0,0.0,2.4,725.6,1.0,1.0,18.56,515.79,1221260.6175,7408.0,2765.0,2528.0
Cyprus,2012,20251.0,153740.0,0.0,2.6,677.1,321.0,166.0,19.32,711.06,1259254.010437,8791.0,4909.0,3162.0
Cyprus,2013,20626.0,162373.0,0.33,1.8,706.3,40.0,18.0,19.36,340.57,1282572.377625,6979.0,4455.0,3226.0
Cyprus,2014,22310.0,164552.0,0.38,1.8,749.6,9.0,1.0,19.49,454.68,1387287.391875,6242.0,3957.0,2486.0
Cyprus,2015,23046.0,163300.0,0.31,1.9,621.0,9.0,1.0,18.86,493.38,1433053.573875,7940.0,4861.0,2743.0
Cyprus,2016,28502.0,200400.0,0.43,1.38,641.6,9.0,1.0,19.55,402.25,1772320.270875,7968.23,5379.51,3301.61
Cyprus,2017,30137.0,216368.0,0.18,1.65,631.3,9.0,1.0,19.16,346.53,1873988.351813,7968.14,4973.26,3546.71
Cyprus,2018,31880.0,228080.0,0.24,1.592,660.6,9.0,1.0,20.07,550.49,1982372.1225,7773.81,5191.91,3436.25
Cyprus,2019,35020.0,238760.0,0.169,1.56,663.3,9.0,1.0,19.44,630.67,2177624.58375,8168.99,5275.13,4654.25
Cyprus,2020,36710.0,275160.0,1.0389,2.2566,678.7,9.0,1.0,19.73,485.64,2282712.691875,8073.0,5044.17,3546.71
Czechia,1993,874095.0,3453820.0,0.0,873.0,199.3,1909.0,7282.0,7.88,631.77,11054897.98875,203161.0,53142.0,50000.0
Czechia,1994,768236.0,3218522.0,0.0,890.0,198.4,751.0,2707.0,9.08,611.9,9716072.751,239400.0,41700.0,55600.0
Czechia,1995,736180.0,3112930.0,0.0,902.0,237.5,500.0,1575.0,8.04,730.78,9310652.505,232700.0,61000.0,54000.0
Czechia,1996,708600.0,3121351.0,0.0,946.0,247.3,1477.0,5492.0,6.43,679.09,8961841.35,262300.0,50400.0,34000.0
Czechia,1997,619183.0,2776487.0,0.0,953.0,219.3,766.0,3035.0,7.77,676.42,7830962.19675,225814.0,46905.0,41353.0
Czechia,1998,561591.0,2789658.0,0.0,947.0,237.6,1005.0,4937.0,8.29,684.17,7102581.77475,218771.0,51190.0,29923.0
Czechia,1999,544877.0,2810104.0,0.0,950.0,203.9,1100.0,5157.0,8.52,643.06,6891195.63825,209532.0,35360.0,23975.0
Czechia,2000,516792.0,2781239.0,0.0,961.0,193.7,2552.0,12581.0,9.27,653.05,6535997.622,262841.0,43349.0,24533.0
Czechia,2001,483390.0,2774709.0,52.9,966.0,203.5,2754.0,12990.0,8.06,750.03,6113554.1775,310830.0,52506.0,31380.0
Czechia,2002,477026.0,2801222.0,45.5,838.85,246.3,1666.0,6874.0,8.8,795.27,6033067.0785,191778.0,41409.0,30555.0
Czechia,2003,459621.0,2717095.0,45.1,875.04,275.8,1736.0,5758.0,8.45,508.32,5812941.69225,218390.0,45923.0,30831.0
Czechia,2004,433288.0,2672677.0,44.7,858.11,309.9,22012.0,55205.0,8.07,645.77,5479901.658,206576.0,43338.0,29904.0
Czechia,2005,437947.0,2812722.0,44.4,852.74,343.8,86336.0,226233.0,7.92,710.3,5538825.19575,215130.0,43368.0,28884.0
Czechia,2006,422949.0,2767125.0,43.2,889.39,348.0,187862.0,492721.0,8.44,670.97,5349141.74025,223684.0,47083.0,31097.0
Czechia,2007,409802.0,3133124.0,43.0,932.14,417.2,254623.0,533575.0,9.2,745.03,5182868.3445,237875.0,49034.0,33133.0
Czechia,2008,402535.0,2801320.0,42.5,933.05,512.9,327865.0,601902.0,9.03,639.33,5090960.77875,221667.0,35218.0,21313.0
Czechia,2009,394122.0,2780661.0,42.2,925.17,325.1,236774.0,624812.0,8.66,745.92,4984559.4645,225982.0,35078.0,20424.0
Czechia,2010,378415.0,2683034.0,41.7,936.1,384.8,236918.0,537322.0,7.43,860.45,4785909.10875,238554.0,39991.0,25382.0
Czechia,2011,373705.0,2735601.0,41.26,941.73,467.6,309159.0,598863.0,8.91,590.7,4726340.56125,248024.0,43001.0,27199.0
Czechia,2012,368738.0,2814680.0,40.34,967.74,397.9,311314.0,692579.0,8.68,663.21,4663521.6705,339655.0,41118.0,22266.0
Czechia,2013,372748.0,2849432.0,40.0,974.0,429.2,341497.0,667054.0,8.31,729.14,4714237.143,331997.0,41488.0,30384.0
Czechia,2014,370721.0,2933455.0,34.0,981.0,457.7,381691.0,739199.0,9.76,720.67,4688601.16725,328627.0,41990.0,34237.0
Czechia,2015,368234.0,3025882.0,38.0,958.0,319.6,290780.0,812008.0,9.64,562.76,4657147.4565,397136.0,48603.0,33122.0
Czechia,2016,370182.0,3064725.0,36.0,949.0,274.5,251497.0,788858.0,9.04,731.13,4681784.2995,404184.0,47446.0,37561.0
Czechia,2017,364642.0,3079213.0,34.0,978.0,360.9,333229.0,812472.0,8.96,706.03,4611718.5345,366044.0,55331.0,33947.0
Czechia,2018,358600.0,3161510.0,33.0,990.0,396.6,370817.0,870008.0,9.93,573.49,4535303.85,351780.0,51438.0,29894.0
Czechia,2019,361430.0,3155790.0,37.504,991.838,386.0,339702.0,838642.0,9.79,623.63,4571095.5675,332032.0,58030.0,21594.0
Czechia,2020,357010.0,3267730.0,44.589,989.609,368.7,358125.0,896483.0,9.61,722.5,4515194.7225,285436.0,47447.0,25373.0
Denmark,1991,747000.0,4640000.0,0.0,212.0,415.2,12678.0,23255.0,8.35,647.19,15704928.0,370000.0,76000.0,134600.0
Denmark,1992,708000.0,4404700.0,0.0,208.0,434.1,13185.0,21377.0,9.09,711.6,14884992.0,333000.0,64000.0,110000.0
Denmark,1993,711000.0,4460400.0,0.0,197.0,395.0,12443.0,20454.0,7.8,740.45,14948064.0,325000.0,54000.0,104000.0
Denmark,1994,700000.0,4442200.0,0.0,317.0,386.3,12618.0,19660.0,8.75,852.22,14716800.0,316000.0,51000.0,99000.0
Denmark,1995,702473.0,4676000.0,0.0,398.0,444.7,12507.0,16850.0,8.43,652.42,14768792.352,291000.0,49000.0,98000.0
Denmark,1996,701000.0,4695200.0,0.0,385.0,428.9,12175.0,16967.0,6.9,511.85,14737824.0,288000.0,53000.0,108000.0
Denmark,1997,694000.0,4631800.0,0.0,315.0,376.8,11220.0,17168.0,8.52,599.7,14590656.0,283000.0,50000.0,104000.0
Denmark,1998,669000.0,4667600.0,0.0,298.0,360.7,9117.0,12941.0,8.22,848.73,14065056.0,263000.0,47000.0,102000.0
Denmark,1999,640000.0,4655200.0,0.0,342.0,353.9,10958.0,22104.0,8.95,868.42,13455360.0,248000.0,41000.0,86000.0
Denmark,2000,636000.0,4719800.0,0.0,358.0,305.4,18288.0,46160.0,9.3,739.14,13371264.0,234000.0,36000.0,79000.0
Denmark,2001,623358.0,4553000.0,437.0,376.0,307.4,9871.0,19897.0,8.33,732.97,13105478.592,210629.0,34000.0,64039.0
Denmark,2002,628000.0,4590000.0,430.0,382.0,323.8,5626.0,10107.0,9.16,832.13,13203072.0,202000.0,33000.0,58318.0
Denmark,2003,613000.0,4675000.0,444.0,384.0,376.3,11075.0,19526.0,8.71,613.88,12887712.0,206000.0,32000.0,75116.0
Denmark,2004,589000.0,4569000.0,432.0,370.0,390.5,12530.0,19753.0,8.71,754.84,12383136.0,182171.0,45410.0,100935.0
Denmark,2005,564265.0,4584000.0,464.0,368.0,376.9,14582.0,18326.0,8.8,637.9,11863107.36,179046.0,41662.0,99049.0
Denmark,2006,550279.0,4627000.0,474.0,357.0,380.9,42759.0,55092.0,9.39,768.48,11569065.696,190309.0,39806.0,95135.0
Denmark,2007,545424.0,4650000.0,471.0,350.0,450.1,60052.0,71314.0,9.55,852.31,11466994.176,192937.0,40663.0,94802.0
Denmark,2008,557978.0,4720000.0,515.0,261.0,552.7,159858.0,193003.0,9.56,740.89,11730929.472,218223.0,40049.0,96446.0
Denmark,2009,563128.0,4814000.0,536.0,197.0,401.6,139477.0,341270.0,8.92,705.84,11839203.072,186981.0,22395.0,40818.0
Denmark,2010,568202.0,4909400.0,562.0,200.0,448.5,106117.0,207083.0,7.14,734.08,11945878.848,180105.0,32982.0,62210.0
Denmark,2011,565108.0,4880500.0,566.0,187.0,499.8,133700.0,211745.0,9.12,807.5,11880830.592,183151.0,34257.0,64601.0
Denmark,2012,587189.0,4995020.0,569.0,200.0,461.8,124568.0,194325.0,8.49,753.03,12345061.536,189000.0,23000.0,47000.0
Denmark,2013,582340.0,5104720.0,566.0,195.0,532.5,150121.0,208231.0,8.64,683.79,12243116.16,178564.0,34911.0,67306.0
Denmark,2014,562631.0,5191100.0,561.0,193.0,536.9,158177.0,223164.0,10.18,817.0,11828754.144,204668.0,32031.0,63813.0
Denmark,2015,561004.0,5356270.0,493.0,255.0,358.8,119012.0,201526.0,9.33,855.88,11794548.096,225054.0,33093.0,63748.0
Denmark,2016,571642.0,5454960.0,510.9,226.0,349.5,134473.0,211034.0,9.1,676.59,12018201.408,240725.87,31628.22,57482.0
Denmark,2017,570038.0,5557160.0,488.1,235.0,446.2,150001.0,245587.0,9.0,958.44,11984478.912,236492.16,47671.52,102116.55
Denmark,2018,570000.0,5615200.0,494.1,213.0,452.8,127098.0,207206.0,9.63,598.14,11983680.0,223984.67,33963.67,63692.2
Denmark,2019,563000.0,5615000.0,524.592,206.687,417.3,144140.0,292514.0,9.65,847.19,11836512.0,225158.34,33803.23,67002.23
Denmark,2020,565000.0,5666000.0,520.873,222.405,433.5,114912.0,232210.0,10.04,727.77,11878560.0,232767.11,37232.75,72936.12
Estonia,1992,260336.0,918956.0,0.0,247.0,267.9,0.0,0.0,6.41,598.2,5473304.064,39000.0,25710.0,48000.0
Estonia,1993,253400.0,806787.0,0.0,243.0,223.3,78.0,183.0,5.3,655.98,5327481.6,29945.0,12005.0,23000.0
Estonia,1994,226700.0,771437.0,0.0,140.0,197.8,547.0,1168.0,5.48,626.11,4766140.8,26384.0,4999.0,10300.0
Estonia,1995,211400.0,706534.0,0.0,105.0,213.6,808.0,1606.0,6.16,652.85,4444473.6,19000.0,4000.0,5000.0
Estonia,1996,185400.0,674549.0,0.0,109.0,210.2,1520.0,2638.0,4.84,576.89,3897849.6,16600.0,2572.0,3000.0
Estonia,1997,171600.0,716934.0,0.0,123.0,191.2,976.0,5355.0,5.92,699.13,3607718.4,20471.0,4334.0,3000.0
Estonia,1998,167700.0,729169.0,0.0,144.0,166.6,612.0,3543.0,5.46,739.26,3525724.8,24932.0,4379.0,3086.0
Estonia,1999,158600.0,625537.0,0.0,130.0,130.2,879.0,5206.0,6.49,613.27,3334406.4,19550.0,4001.0,3739.0
Estonia,2000,138400.0,628911.0,0.0,131.0,157.4,556.0,1768.0,7.06,660.23,2909721.6,22390.0,6448.0,6187.0
Estonia,2001,131000.0,683192.0,307.0,194.0,175.5,351.0,958.0,6.05,768.46,2754144.0,19603.0,3983.0,6123.0
Estonia,2002,128600.0,611064.0,265.0,67.0,167.5,528.0,2715.0,6.21,528.45,2703686.4,16700.0,4015.0,6292.0
Estonia,2003,115600.0,610982.0,175.9,268.0,204.2,328.0,781.0,5.78,626.51,2430374.4,23255.0,6181.0,9613.0
Estonia,2004,116800.0,651885.0,153.6,236.3,297.0,134.0,242.0,5.97,724.14,2455603.2,24833.0,7420.0,11529.0
Estonia,2005,116500.0,669969.0,201.7,279.0,316.8,4191.0,12998.0,6.11,635.79,2449296.0,20083.0,6283.0,9705.0
Estonia,2006,112800.0,691451.0,163.8,330.5,304.8,16348.0,51157.0,6.57,552.5,2371507.2,22610.0,8099.0,11589.0
Estonia,2007,108400.0,692416.0,180.6,307.0,367.4,13166.0,34527.0,6.72,692.79,2279001.6,24982.0,8061.0,12427.0
Estonia,2008,103000.0,693647.0,163.1,301.0,434.1,25764.0,56506.0,7.23,781.37,2165472.0,35455.0,9590.0,14952.0
Estonia,2009,96700.0,670554.0,139.6,327.3,291.9,3575.0,9893.0,6.02,714.63,2033020.8,27328.0,5660.0,8410.0
Estonia,2010,96700.0,675344.0,199.2,296.7,367.3,29935.0,76512.0,4.93,749.5,2033020.8,28628.0,6117.0,9366.0
Estonia,2011,96500.0,692387.0,169.4,306.6,449.0,48746.0,103214.0,6.93,673.6,2028816.0,29803.0,6139.0,9286.0
Estonia,2012,96200.0,720718.0,158.4,328.6,385.4,65847.0,163439.0,5.59,843.93,2022508.8,32978.0,6769.0,10557.0
Estonia,2013,96800.0,771632.0,166.0,324.0,448.7,95830.0,201462.0,6.75,596.24,2035123.2,33659.0,7166.0,11718.0
Estonia,2014,97900.0,804796.0,162.0,317.0,435.2,92007.0,196311.0,6.94,635.17,2058249.6,35806.0,8646.0,11361.0
Estonia,2015,95600.0,782700.0,147.0,315.0,262.7,41233.0,146819.0,7.37,578.29,2009894.4,36276.0,8066.0,11462.0
Estonia,2016,86100.0,782700.0,178.0,304.0,261.9,55824.0,206177.0,6.46,694.77,1810166.4,36390.0,7889.0,10909.0
Estonia,2017,86400.0,790028.0,171.0,296.0,369.1,87221.0,227414.0,6.25,788.71,1816473.6,37333.0,9305.0,13070.0
Estonia,2018,85200.0,796900.0,181.0,295.0,362.6,83801.0,216379.0,7.03,548.69,1791244.8,38867.0,9303.0,12199.0
Estonia,2019,85000.0,820800.0,180.0,292.0,331.3,77868.0,212809.0,7.18,718.51,1787040.0,41438.0,9287.0,11564.0
Estonia,2020,84300.0,848300.0,175.0,286.0,320.1,80756.0,224209.0,8.12,693.45,1772323.2,41486.0,11055.0,13236.0
Finland,1991,440900.0,2566264.0,0.0,123.0,794.3,233.0,186.0,2.12,603.15,9269481.6,166450.0,83900.0,88700.0
Finland,1992,427300.0,2475355.0,0.0,120.0,708.1,291.0,285.0,2.46,645.83,8983555.2,174000.0,82040.0,89000.0
Finland,1993,426400.0,2462249.0,0.0,106.0,571.6,225.0,335.0,1.55,540.42,8964633.6,171000.0,81745.0,88000.0
Finland,1994,416700.0,2511682.0,0.0,110.0,612.6,249.0,421.0,1.56,542.04,8760700.8,183000.0,82105.0,90000.0
Finland,1995,398700.0,2467695.0,0.0,98.0,444.5,740.0,1899.0,2.12,568.93,8382268.8,183020.0,72850.0,84920.0
Finland,1996,392200.0,2431233.0,0.0,92.0,427.5,1783.0,4165.0,1.41,551.94,8245612.8,174000.0,57000.0,82000.0
Finland,1997,390900.0,2462833.0,0.0,21.3,387.2,3092.0,7784.0,2.03,518.48,8218281.6,177000.0,56000.0,81000.0
Finland,1998,383100.0,2447342.0,0.0,21.6,372.2,1465.0,3105.0,1.09,703.45,8054294.4,175000.0,53000.0,81000.0
Finland,1999,372400.0,2403200.0,0.0,21.0,355.0,676.0,786.0,2.11,568.42,7829337.6,176000.0,52000.0,82000.0
Finland,2000,364100.0,2450100.0,0.0,26.0,316.0,295.0,594.0,3.23,649.95,7654838.4,167000.0,52000.0,80000.0
Finland,2001,354800.0,2529600.0,664.0,25.0,316.8,319.0,666.0,1.86,588.52,7459315.2,165000.0,52000.0,80000.0
Finland,2002,351817.0,2532050.0,638.0,27.0,340.7,460.0,917.0,1.94,504.33,7396600.608,160403.0,52000.0,73000.0
Finland,2003,343050.0,2471690.0,629.0,28.0,408.6,628.0,1030.0,2.2,543.4,7212283.2,159288.0,45000.0,75988.0
Finland,2004,327980.0,2449031.0,620.0,28.0,438.3,832.0,1209.0,2.3,663.44,6895451.52,154708.0,45000.0,80446.0
Finland,2005,318755.0,2433190.0,620.0,33.0,429.1,962.0,1322.0,2.97,627.97,6701505.12,149562.0,44000.0,77902.0
Finland,2006,309419.0,2412981.0,625.0,36.0,449.1,1309.0,1579.0,2.7,509.88,6505225.056,148161.0,42000.0,67395.0
Finland,2007,296069.0,2355600.0,654.0,34.0,518.8,2377.0,2552.0,2.92,642.74,6224554.656,148784.0,40000.0,52173.0
Finland,2008,289281.0,2310908.0,655.0,33.0,637.2,4944.0,4446.0,2.96,697.19,6081843.744,162905.0,25000.0,28830.0
Finland,2009,290044.0,2332023.0,640.0,34.0,540.4,4540.0,5310.0,2.19,550.38,6097885.056,136009.0,29000.0,8368.0
Finland,2010,289339.0,2336253.0,659.0,33.0,521.9,5500.0,6399.0,0.91,568.56,6083063.136,156523.0,27000.0,43168.0
Finland,2011,285529.0,2300711.0,667.0,32.0,592.2,9087.0,9594.0,3.36,640.83,6002961.696,138900.0,24000.0,31062.0
Finland,2012,283619.0,2296694.0,660.0,32.0,576.9,11123.0,11735.0,1.59,723.37,5962805.856,138900.0,24000.0,31062.0
Finland,2013,283115.0,2327800.0,649.0,31.0,609.4,12594.0,12991.0,3.17,545.82,5952209.76,138136.0,25632.61,30512.0
Finland,2014,285246.0,2400003.0,652.0,33.0,587.8,8721.0,8799.0,3.29,553.81,5997011.904,147373.0,27147.56,32373.0
Finland,2015,285147.0,2435847.0,689.7,27.8,417.0,545.0,643.0,3.56,641.22,5994930.528,143479.0,25171.94,31372.0
Finland,2016,282443.0,2429595.0,688.0,26.0,410.4,563.0,725.0,2.95,651.22,5938081.632,138128.0,22524.79,32869.0
Finland,2017,274954.0,2405761.0,717.0,25.0,425.9,1127.0,1504.0,2.36,624.03,5780632.896,138948.0,28080.36,33717.0
Finland,2018,263640.0,2397880.0,763.0,24.0,447.6,1802.0,1450.0,3.14,496.45,5542767.36,138385.0,25321.0,41888.0
Finland,2019,258940.0,2374360.0,786.0,24.0,428.8,1046.0,815.0,2.63,646.25,5443954.56,146798.0,26090.99,41016.0
Finland,2020,255620.0,2406520.0,781.0,22.0,447.7,4199.0,3478.0,4.11,648.5,5374154.88,139316.0,26272.05,42544.06
France,1991,5024233.0,23702111.0,0.0,11447.6,344.2,243294.0,520521.0,10.75,717.68,105629474.592,2569000.0,1255000.0,1741000.0
France,1992,4756075.0,23319965.0,0.0,11332.8,374.8,288270.0,570688.0,11.07,862.54,99991720.8,2154000.0,1029000.0,1347000.0
France,1993,4633673.0,23037769.0,0.0,11061.7,355.8,276876.0,618768.0,10.76,892.21,97418341.152,2222000.0,1007000.0,1375000.0
France,1994,4606370.0,23385356.0,0.0,10920.6,361.5,338446.0,773237.0,11.97,961.08,96844322.88,2308300.0,1030500.0,1373400.0
France,1995,4516234.0,23492580.0,0.0,10802.4,405.5,355043.0,706086.0,11.56,874.34,94949303.616,2391700.0,1031400.0,1491100.0
France,1996,4425902.0,23151250.0,0.0,10728.4,400.5,323361.0,668173.0,10.56,868.3,93050163.648,2523900.0,1051900.0,1488200.0
France,1997,4317576.0,22988724.0,0.0,10618.7,349.4,292618.0,685031.0,11.82,804.58,90772717.824,2513100.0,1038800.0,1436900.0
France,1998,4258850.0,22979013.0,0.0,10518.0,352.9,289620.0,677367.0,11.3,813.4,89538062.4,2488100.0,1011200.0,1337700.0
France,1999,4217233.0,23010060.0,0.0,10432.1,331.4,273117.0,677246.0,11.7,994.74,88663106.592,2571400.0,965600.0,1216400.0
France,2000,4324327.0,23165509.0,0.0,10312.3,292.4,218093.0,611182.0,11.84,959.98,90914650.848,2316300.0,795000.0,1033500.0
France,2001,4338753.0,23074188.0,3066.0,10232.7,295.2,228710.0,649158.0,11.4,890.6,91217943.072,2397000.0,759000.0,1022000.0
France,2002,4267138.0,23435685.0,3092.2,10110.9,293.5,209636.0,554399.0,11.83,948.55,89712309.312,2203200.0,713300.0,965100.0
France,2003,4117743.0,22910911.0,3118.4,10063.8,342.8,260478.0,595646.0,11.85,728.53,86571428.832,2375400.0,746000.0,978400.0
France,2004,4034857.0,22689836.0,3152.6,9979.6,365.4,310401.0,646446.0,11.34,788.89,84828833.568,2324000.0,683000.0,889000.0
France,2005,3972964.0,23128947.0,3132.0,9902.2,376.1,327634.0,707687.0,11.33,674.39,83527595.136,2205000.0,597000.0,735000.0
France,2006,3882195.0,22674753.0,3200.5,9877.1,365.4,335536.0,696002.0,11.92,817.7,81619267.68,2204665.0,555552.0,731209.0
France,2007,3875290.0,22768719.0,3253.6,9847.8,423.9,458625.0,758944.0,11.6,834.7,81474096.96,2402000.0,632000.0,794000.0
France,2008,3863435.0,23564860.0,3299.6,9790.1,524.6,514411.0,739161.0,11.3,935.32,81224857.44,2099000.0,296000.0,390000.0
France,2009,3747886.0,22653085.0,3314.2,9736.5,414.5,405828.0,729067.0,11.68,804.38,78795555.264,1900820.0,164835.0,135375.0
France,2010,3716276.0,23301219.0,3437.2,9614.5,426.2,363141.0,674169.0,10.61,840.86,78130986.624,2043000.0,278035.0,433915.0
France,2011,3664153.0,24361094.0,3454.8,9597.0,480.0,425107.0,722377.0,12.3,730.83,77035152.672,1944450.0,241585.0,396125.0
France,2012,3643200.0,23998422.0,3434.5,9559.3,429.2,462919.0,780515.0,11.53,863.23,76594636.8,2024929.0,434321.0,480197.0
France,2013,3697232.0,23747341.0,3371.5,9471.5,474.4,471923.0,681363.0,11.08,940.65,77730605.568,2168441.0,483391.0,449472.0
France,2014,3698450.0,24978950.0,3314.0,9438.2,504.0,510610.0,748622.0,12.47,934.64,77756212.8,2159477.0,444649.0,483658.0
France,2015,3661183.0,25068226.0,3177.1,9261.9,371.3,387278.0,786575.0,12.16,713.96,76972711.392,2239842.0,440031.0,468915.0
France,2016,3637015.0,25627060.0,3236.627,9369.985,349.3,394645.0,827775.0,11.72,815.03,76464603.36,2191727.0,409585.0,393256.0
France,2017,3596837.0,25539489.0,3337.069,9233.724,399.1,387469.0,695073.0,11.94,735.38,75619901.088,2347437.0,458891.0,473402.0
France,2018,3554230.0,25055100.0,3085.6,9527.9,422.8,384316.0,713772.0,12.63,877.23,74724131.52,2185015.0,439562.0,488888.0
France,2019,3490810.0,25062000.0,3136.958,9545.75,416.5,331104.0,606901.0,12.36,839.29,73390789.44,2024807.0,399569.0,405785.0
France,2020,3454980.0,25147310.0,3157.454,9583.214,420.8,328154.0,599534.0,12.71,814.97,72637499.52,2077726.0,453339.0,503457.0
Germany,1991,5632000.0,29063008.0,0.0,5329.0,375.4,489941.0,1187323.0,8.73,604.17,118407168.0,1720000.0,519000.0,729658.0
Germany,1992,5365000.0,27991008.0,0.0,5243.0,403.4,556429.0,1198668.0,9.64,735.03,112793760.0,1680000.0,490000.0,673851.0
Germany,1993,5301000.0,28098320.0,0.0,5251.0,369.0,569752.0,1323252.0,8.76,793.47,111448224.0,1612215.0,415000.0,645000.0
Germany,1994,5293600.0,27866180.0,0.0,5271.0,363.0,592884.0,1394746.0,9.94,789.2,111292646.4,1787436.0,451000.0,668000.0
Germany,1995,5274000.0,28606844.0,0.0,5282.0,411.1,717364.0,1530729.0,9.15,781.44,110880576.0,1770000.0,401946.0,649000.0
Germany,1996,5230000.0,28778862.0,0.0,5273.0,386.8,701044.0,1574274.0,7.57,622.39,109955520.0,1758008.0,415136.0,645781.0
Germany,1997,5194700.0,28701906.0,0.0,5267.0,336.8,706247.0,1767489.0,9.18,665.63,109213372.8,1788388.0,409536.0,658895.0
Germany,1998,4963800.0,28378000.0,0.0,5266.0,348.4,759898.0,1847957.0,9.27,808.89,104358931.2,1903017.0,406678.0,628733.0
Germany,1999,4794800.0,28334212.0,0.0,5114.0,319.8,729470.0,1906466.0,9.74,768.89,100805875.2,2014010.0,420000.0,599150.0
Germany,2000,4628000.0,28331216.0,0.0,5048.0,290.7,629889.0,1833201.0,10.09,757.74,97299072.0,1847507.0,351317.0,543952.0
Germany,2001,4538000.0,28191000.0,1581.0,5013.0,308.8,569519.0,1568502.0,9.21,812.38,95406912.0,1792212.0,315339.0,505862.0
Germany,2002,4444000.0,27874440.0,1540.0,4970.0,296.4,538636.0,1510775.0,9.75,910.58,93430656.0,1787833.0,327387.0,479673.0
Germany,2003,4365000.0,28533320.0,1589.0,4968.0,318.3,688747.0,1637436.0,9.57,568.34,91769760.0,1827767.0,284138.0,486464.0
Germany,2004,4289000.0,28244730.0,1719.0,4913.0,346.4,920421.0,2040264.0,9.14,731.39,90171936.0,1778438.0,302714.0,478415.0
Germany,2005,4208000.0,28452950.0,1805.0,4929.0,343.2,792852.0,1789040.0,9.26,718.19,88468992.0,1784996.0,273937.0,426111.0
Germany,2006,4081200.0,27995000.0,1956.0,4882.0,343.7,829489.0,1870617.0,9.82,700.73,85803148.8,1599788.0,264610.0,442578.0
Germany,2007,4071199.0,28402772.0,2088.0,4875.0,458.5,1019885.0,1793120.0,10.09,885.79,85592887.776,1807176.0,316692.0,511303.0
Germany,2008,4217711.0,28656256.0,2261.0,4789.0,495.1,1168329.0,1897407.0,9.76,720.15,88673156.064,1550625.0,174345.0,179171.0
Germany,2009,4187421.0,29163676.0,2347.0,4741.0,334.8,956203.0,2016636.0,9.52,751.49,88036339.104,1569045.0,235159.0,362791.0
Germany,2010,4181679.0,29616284.0,2571.0,4655.0,407.9,1059802.0,2062102.0,8.19,789.24,87915619.296,1786485.0,286348.0,433743.0
Germany,2011,4190103.0,30323464.0,2814.0,4644.0,483.7,1195006.0,2062410.0,10.03,677.6,88092725.472,1640414.0,247080.0,386414.0
Germany,2012,4190485.0,30672154.0,2815.0,4630.0,416.3,964858.0,1907390.0,9.45,726.41,88100756.64,1648828.0,284168.0,421042.0
Germany,2013,4267611.0,31324238.0,2760.0,4621.0,504.5,1108248.0,1792623.0,9.07,741.73,89722253.664,1675289.0,283997.0,457131.0
Germany,2014,4295680.0,32394969.0,2857.0,4651.0,501.5,1191966.0,1993304.0,10.64,713.49,90312376.32,1822791.0,301184.0,459855.0
Germany,2015,4284639.0,32684572.0,2746.0,4677.0,328.3,889112.0,2050970.0,10.32,655.25,90080250.336,1710616.0,287762.0,397759.0
Germany,2016,4217700.0,32672340.0,2790.0,4694.0,300.9,888600.0,2233207.0,9.86,713.24,88672924.8,1658837.0,231079.0,430080.0
Germany,2017,4199010.0,32598198.0,2754.0,4715.0,396.5,903578.0,1813005.0,9.91,814.74,88279986.24,1496649.0,208527.0,391640.0
Germany,2018,4100860.0,33086810.0,2871.0,4713.0,416.9,783874.0,1611316.0,10.74,571.21,86216480.64,1342284.0,201159.0,409547.0
Germany,2019,4011670.0,33080180.0,2976.0,4751.0,385.1,825129.0,1729353.0,10.54,676.23,84341350.08,1372084.0,247766.0,419542.0
Germany,2020,3921410.0,33164910.0,3093.0,4730.0,376.9,773618.0,1565157.0,10.79,661.6,82443723.84,1265477.0,192182.0,446396.0
Greece,1991,238819.0,621101.0,0.0,5220.0,372.6,148.0,305.0,12.8,660.79,5020930.656,408400.0,176200.0,67500.0
Greece,1992,239022.0,672312.0,0.0,5225.0,416.5,88.0,104.0,13.08,505.44,5025198.528,393000.0,178000.0,57000.0
Greece,1993,236297.0,718924.0,0.0,5240.0,374.3,288.0,313.0,13.29,546.33,4967908.128,328000.0,126000.0,55000.0
Greece,1994,230409.0,719793.0,0.0,5250.0,404.6,147.0,204.0,14.25,735.63,4844118.816,346000.0,126000.0,55000.0
Greece,1995,231899.0,737100.0,0.0,5260.0,452.9,268.0,279.0,13.44,682.7,4875444.576,315000.0,136000.0,54000.0
Greece,1996,229090.0,739871.0,0.0,5273.0,425.3,332.0,547.0,13.1,755.53,4816388.16,340000.0,145000.0,75000.0
Greece,1997,225507.0,736692.0,0.0,5100.0,386.4,342.0,497.0,13.16,610.98,4741059.168,307000.0,132000.0,65000.0
Greece,1998,226911.0,743670.0,0.0,4900.0,370.7,228.0,375.0,13.94,652.46,4770576.864,292000.0,120000.0,60000.0
Greece,1999,225710.0,735715.0,0.0,4800.0,363.4,457.0,415.0,14.47,670.17,4745327.04,291000.0,119000.0,59000.0
Greece,2000,245000.0,748280.0,0.0,4675.0,312.1,228.0,315.0,14.17,427.2,5150880.0,285000.0,113000.0,58000.0
Greece,2001,200000.0,757917.0,0.0,4586.0,309.2,73.0,109.0,14.37,587.26,4204800.0,261000.0,113000.0,57000.0
Greece,2002,172000.0,797142.0,0.0,4497.0,354.6,17.0,29.0,14.08,820.54,3616128.0,253000.0,107719.3,58000.0
Greece,2003,152000.0,794808.0,0.0,4408.0,430.0,110.0,145.0,13.91,727.34,3195648.0,247000.0,110011.2,57000.0
Greece,2004,226400.0,774244.0,0.0,4319.0,480.9,96.0,155.0,13.88,640.14,4759833.6,255000.0,100843.6,56000.0
Greece,2005,219776.0,790764.0,0.0,4230.0,488.0,165.0,217.0,13.53,723.47,4620570.624,224000.0,87092.2,55000.0
Greece,2006,218686.0,807730.0,0.0,4141.0,490.9,218.0,280.0,13.58,715.62,4597654.464,210000.0,82508.4,52000.0
Greece,2007,216605.0,801185.0,0.0,4052.0,559.4,857.0,1125.0,14.32,670.27,4553903.52,236000.0,75632.7,47000.0
Greece,2008,213154.0,808100.0,0.0,3963.0,618.1,198.0,163.0,14.34,578.78,4481349.696,201000.0,64173.2,37000.0
Greece,2009,212000.0,802814.0,0.0,3874.0,512.2,758.0,650.0,14.27,893.11,4457088.0,175000.0,55010.18,47000.0
Greece,2010,230860.0,799682.0,0.0,3785.0,494.4,813.0,991.0,14.76,713.33,4853600.64,213000.0,68924.31,42000.0
Greece,2011,213200.0,778268.0,0.0,3696.0,599.9,509.0,579.0,13.65,635.48,4482316.8,181394.0,57407.51,42000.0
Greece,2012,214200.0,778897.0,0.0,3607.0,579.2,610.0,666.0,14.48,721.7,4503340.8,175445.0,56000.0,46000.0
Greece,2013,159276.0,783271.0,0.0,3519.0,589.8,1150.0,984.0,14.55,648.13,3348618.624,189208.0,58455.0,46590.0
Greece,2014,158248.0,725631.0,0.0,2873.0,572.6,3089.0,3833.0,14.46,917.09,3327005.952,179850.0,51640.0,42201.0
Greece,2015,130875.0,691648.0,0.0,2917.0,464.0,7628.0,8631.0,14.17,739.26,2751516.0,164463.0,50483.0,41824.0
Greece,2016,121380.0,656494.0,0.0,2882.0,427.6,2306.0,1818.0,14.63,680.16,2551893.12,173123.0,51914.0,43865.0
Greece,2017,124003.0,662436.0,0.0,2827.9657,437.8,3252.0,4389.0,14.31,698.81,2607039.072,181726.0,51062.0,45683.0
Greece,2018,95000.0,654800.0,0.0,2717.2908,467.9,7124.0,8861.0,15.0,741.91,1997280.0,179436.0,59328.12,49822.0
Greece,2019,86000.0,659380.0,0.0,2647.0279,429.5,7596.0,7436.0,14.95,836.77,1808064.0,189748.0,59536.69,51891.0
Greece,2020,86000.0,683460.0,0.0,2647.0279,441.5,7659.0,6963.0,14.8,660.81,1808064.0,202945.0,64879.11,51891.0
Hungary,1991,518000.0,2490100.0,0.0,1173.0,186.7,1041.0,8997.0,10.14,635.99,6551275.5,264468.0,24200.0,37461.0
Hungary,1992,487000.0,2301100.0,0.0,1164.0,198.8,2872.0,13527.0,11.35,518.64,6159210.75,148000.0,21000.0,20000.0
Hungary,1993,437800.0,2080060.0,0.0,1157.0,208.8,1310.0,5205.0,10.64,540.94,5536966.05,225300.0,24400.0,42900.0
Hungary,1994,403000.0,1936420.0,0.0,1148.0,232.0,565.0,1413.0,12.02,563.96,5096841.75,243123.0,28600.0,42000.0
Hungary,1995,392000.0,1979500.0,0.0,1148.0,235.5,1152.0,3880.0,10.86,687.53,4957722.0,246752.0,55993.0,65400.0
Hungary,1996,397000.0,1975640.0,0.0,1148.0,226.0,4930.0,18042.0,9.93,644.48,5020958.25,318506.0,74700.0,61721.0
Hungary,1997,386000.0,1989239.0,0.0,1148.0,235.6,7693.0,26426.0,10.48,517.89,4881838.5,285800.0,73511.0,67777.0
Hungary,1998,379000.0,2106556.0,0.0,1148.0,258.9,9349.0,34474.0,10.97,693.43,4793307.75,282000.0,37600.0,51000.0
Hungary,1999,384000.0,2106560.0,0.0,1147.0,250.5,6143.0,22935.0,11.17,733.11,4856544.0,320600.0,48600.0,63400.0
Hungary,2000,376000.0,2142915.0,0.0,1051.0,223.3,16413.0,65165.0,12.15,450.46,4755366.0,320000.0,45000.0,52024.0
Hungary,2001,355000.0,2142173.0,12.0,1061.0,239.1,19858.0,78553.0,11.08,591.67,4489773.75,336000.0,63000.0,54751.0
Hungary,2002,345000.0,2129795.0,12.0,1063.0,280.1,15648.0,56654.0,11.89,597.67,4363301.25,303000.0,62000.0,72000.0
Hungary,2003,362000.0,2036620.0,12.0,1062.0,318.3,13376.0,39199.0,11.12,471.55,4578304.5,289000.0,67000.0,83000.0
Hungary,2004,350000.0,1894602.0,21.0,1060.0,310.2,13391.0,23548.0,10.82,682.67,4426537.5,293000.0,75000.0,85000.0
Hungary,2005,345000.0,1928739.0,19.0,1057.0,322.0,30303.0,80272.0,10.47,707.8,4363301.25,260000.0,61000.0,71000.0
Hungary,2006,334000.0,1844075.0,14.0,1015.0,303.4,46498.0,129646.0,11.13,590.16,4224181.5,289000.0,75000.0,92000.0
Hungary,2007,322000.0,1842233.0,12.0,1017.0,395.8,67790.0,154796.0,12.19,638.91,4072414.5,320000.0,87000.0,100000.0
Hungary,2008,322000.0,1840491.0,12.0,1010.0,479.4,87094.0,174902.0,12.11,618.54,4072414.5,316912.0,61113.0,65348.0
Hungary,2009,324000.0,1758219.0,10.0,1004.0,302.8,80958.0,223445.0,11.96,645.37,4097709.0,272056.0,40438.0,42762.0
Hungary,2010,312000.0,1684896.0,17.4,763.0,345.6,97139.0,236652.0,10.98,886.22,3945942.0,272572.0,41094.0,56730.0
Hungary,2011,309000.0,1712478.0,16.0,759.0,435.1,155551.0,314614.0,11.51,437.75,3908000.25,303445.0,50300.0,56257.0
Hungary,2012,252000.0,1812849.0,15.0,759.0,391.0,146395.0,326173.0,11.91,529.31,3187107.0,312940.0,58941.0,66128.0
Hungary,2013,256000.0,1772762.0,17.0,759.0,443.6,178441.0,331749.0,11.8,620.79,3237696.0,342949.0,76147.0,71023.0
Hungary,2014,249000.0,1871885.0,15.0,761.0,453.7,181085.0,354187.0,12.65,748.03,3149165.25,326753.0,82422.0,77950.0
Hungary,2015,255000.0,1941326.0,20.0,761.0,294.1,117042.0,351446.0,12.41,584.52,3225048.75,338781.0,80306.0,74487.0
Hungary,2016,250000.0,1918232.0,29.0,783.0,268.4,95730.0,291984.0,11.8,748.76,3161812.5,403970.0,94676.0,98676.0
Hungary,2017,244000.0,1967496.0,57.0,804.0,351.5,129061.0,312243.0,11.86,621.68,3085929.0,424476.0,118216.0,116041.0
Hungary,2018,239000.0,1948830.0,62.0,799.0,358.8,113335.0,273182.0,12.72,602.08,3022692.75,424277.0,117154.0,110883.0
Hungary,2019,243000.0,1962780.0,71.0,790.0,352.3,106103.0,262756.0,12.83,626.25,3073281.75,415901.0,114439.0,99880.0
Hungary,2020,226000.0,2014330.0,76.0,733.0,346.0,107524.0,271946.0,12.25,643.65,2858278.5,444962.0,111962.0,97223.0
Ireland,1991,1322000.0,5281800.0,0.0,4068.8,296.1,4836.0,12874.0,9.51,1070.58,27793728.0,347900.0,138300.0,178800.0
Ireland,1992,1288000.0,5326100.0,0.0,4065.8,338.6,16536.0,48632.0,9.45,1129.81,27078912.0,353000.0,137000.0,178000.0
Ireland,1993,1246200.0,5267400.0,0.0,4036.8,316.0,19746.0,52070.0,9.28,1229.93,26200108.8,404000.0,137000.0,175000.0
Ireland,1994,1248300.0,5336500.0,0.0,4031.8,318.6,39831.0,104389.0,9.49,1309.49,26244259.2,433000.0,141000.0,178000.0
Ireland,1995,1233000.0,5346800.0,0.0,4014.8,362.3,49857.0,108392.0,10.02,1155.17,25922592.0,425000.0,141000.0,182000.0
Ireland,1996,1220800.0,5297100.0,0.0,3937.8,363.2,37377.0,118402.0,9.14,1144.33,25666099.2,394000.0,128000.0,160000.0
Ireland,1997,1215600.0,5256300.0,0.0,4051.8,319.9,40619.0,99223.0,10.19,1147.89,25556774.4,397000.0,113000.0,150000.0
Ireland,1998,1201400.0,5091200.0,0.0,3986.8,311.8,49172.0,131662.0,10.01,1314.98,25258233.6,444000.0,116000.0,152000.0
Ireland,1999,1198800.0,5121100.0,0.0,3997.8,284.1,36703.0,93103.0,10.01,1259.47,25203571.2,429000.0,115000.0,148000.0
Ireland,2000,1177500.0,5159788.0,0.0,4018.8,250.3,31956.0,94639.0,9.63,1284.66,24755760.0,368410.0,96000.0,135000.0
Ireland,2001,1182500.0,5381800.0,96.2,3898.8,255.7,25232.0,72666.0,9.55,971.09,24860880.0,366000.0,97000.0,126717.0
Ireland,2002,1164100.0,5368000.0,96.2,3852.8,248.4,23994.0,61770.0,9.91,1451.22,24474038.4,363513.0,100419.0,133919.0
Ireland,2003,1155600.0,5310140.0,97.23,3836.77,292.3,19440.0,38453.0,10.02,999.65,24295334.4,391200.0,97970.0,141750.0
Ireland,2004,1156100.0,5267880.0,99.65,3781.35,320.3,30518.0,58678.0,9.9,1114.92,24305846.4,352165.0,88570.0,121315.0
Ireland,2005,1055100.0,5061250.0,90.69,3810.31,314.6,36340.0,62400.0,10.03,1095.79,22182422.4,345154.0,85279.0,111883.0
Ireland,2006,1084700.0,5224390.0,89.08,3789.92,304.9,37023.0,96454.0,10.15,1209.52,22804732.8,321588.0,74292.0,102074.0
Ireland,2007,1089800.0,5224770.0,88.45,3807.55,417.5,62785.0,135385.0,10.28,1099.56,22911955.2,308960.0,60392.0,83821.0
Ireland,2008,1095200.0,5089960.0,69.65,4140.65,451.9,74343.0,148203.0,9.65,1348.08,23025484.8,306806.0,46367.0,63125.0
Ireland,2009,1096700.0,5228300.0,63.59,4128.33,292.9,59550.0,176158.0,9.67,1379.24,23057020.8,362395.0,67242.0,90223.0
Ireland,2010,1070800.0,5327000.0,86.84,4127.16,362.1,58077.0,127785.0,8.72,1052.34,22512499.2,313649.0,65949.0,87930.0
Ireland,2011,1116900.0,5536680.0,95.14,4094.86,451.2,67485.0,135899.0,9.77,1169.23,23481705.6,296536.0,62846.0,97788.0
Ireland,2012,1140800.0,5387770.0,101.61,4049.39,382.1,62962.0,125882.0,9.51,1215.64,23984179.2,353044.0,84768.0,111775.0
Ireland,2013,1163200.0,5583670.0,98.04,4001.96,481.1,101392.0,188506.0,9.5,1122.51,24455116.8,331782.0,81555.0,113006.0
Ireland,2014,1226400.0,5816220.0,99.18,3999.82,463.0,40245.0,66081.0,10.1,1352.8,25783833.6,331782.0,95250.48,149021.62
Ireland,2015,1295800.0,6585120.0,95.0,3976.0,305.3,22892.0,31963.0,9.45,1367.08,27242899.2,330959.0,121241.56,133420.08
Ireland,2016,1397900.0,6851430.0,96.0,3999.0,278.0,16333.0,18172.0,9.76,1124.15,29389449.6,339104.0,113165.9,141024.06
Ireland,2017,1432687.0,7478160.0,97.0,4027.0,378.8,28321.0,37718.0,10.0,1174.26,30120811.488,369089.0,118188.96,159465.52
Ireland,2018,1369100.0,7831250.0,95.0,4064.0,400.3,26724.0,32221.0,9.7,1206.47,28783958.4,408495.0,129337.63,171582.86
Ireland,2019,1425760.0,8244870.0,87.0,4080.0,364.2,24388.0,30433.0,9.87,1289.4,29975178.24,367364.0,127234.06,167410.31
Ireland,2020,1456050.0,8561470.0,85.0,4067.0,376.5,63819.0,144609.0,9.79,1351.05,30611995.2,379519.0,143209.99,171398.37
Italy,1991,2642000.0,11081700.0,0.0,4204.0,478.7,3255.0,6056.0,12.23,795.84,55545408.0,906720.0,661970.0,418000.0
Italy,1992,2535600.0,10897900.0,0.0,4349.0,486.3,1206.0,2284.0,12.83,824.97,53308454.4,910000.0,613000.0,399000.0
Italy,1993,2316800.0,10652900.0,0.0,4530.0,390.9,3519.0,7133.0,12.62,780.54,48708403.2,917900.0,592000.0,394000.0
Italy,1994,2286700.0,10673800.0,0.0,4559.0,400.9,1855.0,3852.0,13.58,779.19,48075580.8,879200.0,582000.0,431000.0
Italy,1995,2167400.0,11258500.0,0.0,4405.0,415.0,2281.0,4251.0,12.55,840.14,45567417.6,875000.0,542000.0,405000.0
Italy,1996,2080000.0,11575100.0,0.0,4343.0,462.2,5828.0,8905.0,12.29,1040.31,43729920.0,876000.0,575000.0,414000.0
Italy,1997,2125000.0,11752300.0,0.0,4371.0,421.2,1484.0,2162.0,13.07,754.46,44676000.0,855000.0,501000.0,402000.0
Italy,1998,2078000.0,11832700.0,0.0,4347.0,389.4,5180.0,10886.0,12.93,772.24,43687872.0,845000.0,508000.0,395000.0
Italy,1999,2116000.0,11895300.0,0.0,4377.0,363.6,7219.0,15136.0,13.11,830.91,44486784.0,868000.0,514000.0,402000.0
Italy,2000,2126000.0,12309400.0,0.0,4353.0,363.6,6804.0,11797.0,13.37,802.66,44697024.0,828000.0,504000.0,400000.0
Italy,2001,2172000.0,11275100.0,2225.3,4365.0,363.6,994.0,2026.0,13.18,767.13,45664128.0,773161.0,369621.0,263131.0
Italy,2002,2077618.0,11300092.0,2138.7,4379.0,357.6,1835.0,3832.0,13.39,950.18,43679840.832,845003.0,316143.0,256941.0
Italy,2003,1911000.0,11307049.0,2091.2,4368.0,434.0,2818.0,4979.0,13.49,720.31,40176864.0,846812.0,316121.0,251401.0
Italy,2004,1913000.0,10727578.0,2036.9,4354.0,476.4,4063.0,5253.0,12.9,853.08,40218912.0,866469.0,317931.0,263135.0
Italy,2005,1838000.0,11012957.0,2064.5,4402.0,465.1,5039.0,7175.0,12.52,831.26,38642112.0,800697.0,285251.0,250291.0
Italy,2006,1842000.0,10989108.0,1965.7,4282.0,440.3,4506.0,6649.0,13.25,704.82,38726208.0,798807.0,270991.0,235987.0
Italy,2007,1821000.0,10617750.0,1966.0,4460.0,498.4,13458.0,19482.0,13.46,737.22,38284704.0,812480.0,280368.0,271291.0
Italy,2008,1839000.0,11285910.0,1969.0,4416.0,607.4,7519.0,6797.0,13.32,908.08,38663136.0,670261.0,199180.0,206344.0
Italy,2009,1830700.0,10560292.0,2008.0,4423.0,515.0,10958.0,10855.0,13.38,874.27,38488636.8,514480.0,171478.0,152541.0
Italy,2010,1878400.0,10500000.0,1918.0,4698.0,496.2,9462.0,12299.0,12.78,953.09,39491481.6,498605.0,180254.0,185518.0
Italy,2011,1746140.0,10479053.0,2029.0,4612.0,588.7,8425.0,9541.0,13.6,720.84,36710847.36,516543.0,199421.0,186683.0
Italy,2012,1857004.0,10597572.0,2062.0,4169.0,536.3,11915.0,12554.0,13.46,749.07,39041652.096,591000.0,167000.0,114000.0
Italy,2013,1862127.0,10397465.0,1956.0,4543.0,572.6,20278.0,20658.0,13.19,858.64,39149358.048,600600.0,171260.0,110895.0
Italy,2014,1830990.0,11044109.0,1996.0,4041.0,573.4,25966.0,26113.0,13.86,927.82,38494733.76,574016.0,168715.0,108792.0
Italy,2015,1826484.0,11159203.0,2013.0,3897.0,424.0,28988.0,35903.0,13.82,713.28,38399999.616,605236.0,169305.0,110831.0
Italy,2016,1821764.0,10773150.0,2115.0,3663.0,410.7,34920.0,50312.0,13.61,776.5,38300766.336,602730.0,162260.0,115670.0
Italy,2017,1791120.0,11380094.0,2215.4,3608.3,452.3,46269.0,66382.0,13.48,669.65,37656506.88,599242.0,164795.0,114610.0
Italy,2018,1939480.0,12339750.0,2211.0,3245.0,469.4,35686.0,46764.0,14.13,739.44,40775627.52,594767.0,163786.0,114341.0
Italy,2019,1875720.0,12494400.0,2473.113,3791.892,477.2,28495.0,40307.0,13.9,890.82,39435137.28,598544.0,175991.0,110516.0
Italy,2020,1871270.0,12712480.0,2346.0,3739.0,446.3,30651.0,42374.0,13.85,769.88,39341580.48,574530.0,224972.9,131261.84
Latvia,1992,531400.0,1476400.0,0.0,820.0,206.7,242.0,1004.0,6.99,634.56,11172153.6,63000.0,45000.0,60000.0
Latvia,1993,481700.0,1155700.0,0.0,803.0,194.7,504.0,635.0,5.87,675.44,10127260.8,40000.0,2300.0,53000.0
Latvia,1994,351000.0,999600.0,0.0,800.0,167.7,84.0,136.0,6.21,662.82,7379424.0,40000.0,2300.0,53000.0
Latvia,1995,311900.0,943900.0,0.0,801.0,164.9,1168.0,6769.0,6.58,686.76,6557385.6,12000.0,4000.0,6000.0
Latvia,1996,291900.0,920600.0,0.0,798.0,176.1,1066.0,5532.0,5.22,579.67,6136905.6,14000.0,6000.0,5000.0
Latvia,1997,274600.0,985800.0,0.0,678.0,160.1,1990.0,11158.0,6.36,728.14,5773190.4,19000.0,8100.0,8000.0
Latvia,1998,262800.0,948100.0,0.0,678.0,154.3,2556.0,8814.0,6.16,757.01,5525107.2,31500.0,10700.0,7000.0
Latvia,1999,242100.0,796974.0,0.0,618.0,138.4,65.0,178.0,7.21,626.8,5089910.4,33600.0,10577.0,10300.0
Latvia,2000,205600.0,822983.0,0.0,606.0,143.4,1074.0,3448.0,7.53,650.51,4322534.4,28498.0,10217.0,11574.0
Latvia,2001,204500.0,845972.0,194.003,611.0,152.9,359.0,993.0,6.64,790.11,4299408.0,31600.0,13105.0,11960.0
Latvia,2002,209100.0,811453.0,190.9263,610.0,152.1,66.0,86.0,7.06,582.44,4396118.4,27600.0,8205.0,8636.0
Latvia,2003,204600.0,783152.0,178.4308,613.0,168.0,863.0,1966.0,6.38,639.26,4301510.4,37500.0,9307.41,12024.0
Latvia,2004,186300.0,783986.0,184.4196,621.0,242.5,3134.0,9833.0,6.46,692.82,3916771.2,35113.0,16619.0,8787.0
Latvia,2005,186200.0,806767.0,222.2892,629.0,274.5,11848.0,36523.0,6.45,633.68,3914668.8,40900.0,14700.0,18700.0
Latvia,2006,185200.0,812133.0,251.748,637.0,290.9,37920.0,111853.0,7.01,595.87,3893644.8,42700.0,14500.0,18300.0
Latvia,2007,182400.0,838356.0,270.534,641.0,356.2,53793.0,129136.0,7.29,721.01,3834777.6,47748.0,15983.0,16726.0
Latvia,2008,180400.0,832073.0,262.2239,648.0,399.3,77907.0,177883.0,7.69,710.09,3792729.6,50228.0,13955.0,14145.0
Latvia,2009,170400.0,828060.0,257.7688,659.0,255.2,47629.0,168641.0,6.63,740.31,3582489.6,53508.0,11122.0,11154.0
Latvia,2010,165500.0,830918.0,237.3784,625.0,335.5,63006.0,167675.0,5.65,826.3,3479472.0,58643.0,16150.0,16288.0
Latvia,2011,164100.0,841702.0,224.8188,651.0,413.0,99555.0,213738.0,7.25,645.13,3450038.4,61875.0,16898.0,17610.0
Latvia,2012,164100.0,870633.0,240.8156,657.0,349.3,97980.0,253677.0,6.18,813.83,3450038.4,65204.0,19807.0,22853.0
Latvia,2013,164600.0,911990.0,236.0565,663.0,406.1,110529.0,244801.0,7.08,648.08,3460550.4,69696.0,24438.0,27459.0
Latvia,2014,165000.0,968899.0,235.8712,657.0,386.1,113774.0,277937.0,7.35,671.04,3468960.0,72935.0,23370.0,25954.0
Latvia,2015,165871.0,975357.0,241.5688,648.0,239.5,68952.0,265506.0,7.94,576.33,3487271.904,75820.0,24354.0,28659.0
Latvia,2016,162414.0,983515.0,261.2523,635.0,237.8,67488.0,263122.0,7.08,720.98,3414591.936,78285.0,25447.0,30468.0
Latvia,2017,154024.0,997992.0,239.3331,635.0,345.7,109054.0,298623.0,6.89,826.48,3238200.576,77441.0,25881.0,30173.0
Latvia,2018,144470.0,980200.0,233.0456,635.0,334.2,117957.0,333085.0,7.6,568.89,3037337.28,74540.0,26294.0,30159.0
Latvia,2019,138410.0,978900.0,263.429,632.0,328.6,114333.0,333051.0,7.97,676.06,2909931.84,80718.0,26824.0,31705.0
Latvia,2020,136040.0,988200.0,265.0118,626.0,320.9,118643.0,343025.0,8.56,661.85,2860104.96,84346.0,31241.0,35724.0
Lithuania,1992,784800.0,2417220.0,0.0,460.0,39.2,118643.0,343025.0,7.48,642.39,16499635.2,88000.0,18000.0,50000.0
Lithuania,1993,707900.0,2059944.0,0.0,460.0,156.6,118643.0,343025.0,6.38,693.42,14882889.6,43000.0,17000.0,27000.0
Lithuania,1994,646500.0,1891054.0,0.0,496.0,97.9,127.0,491.0,6.84,673.57,13592016.0,43000.0,14000.0,22000.0
Lithuania,1995,604000.0,1809474.0,0.0,501.0,120.5,886.0,2549.0,7.02,697.11,12698496.0,40000.0,30000.0,48000.0
Lithuania,1996,588600.0,1820436.0,0.0,501.0,150.0,2204.0,5515.0,5.53,547.21,12374726.4,79000.0,10000.0,30000.0
Lithuania,1997,604500.0,1937253.0,0.0,496.0,132.5,2232.0,6011.0,6.74,688.6,12709008.0,81100.0,18200.0,38000.0
Lithuania,1998,566000.0,1915057.0,0.0,492.0,134.2,2952.0,9492.0,6.66,782.21,11899584.0,83400.0,18400.0,38000.0
Lithuania,1999,527200.0,1701838.0,0.0,500.0,123.2,210.0,863.0,7.74,645.41,11083852.8,94000.0,20000.0,40000.0
Lithuania,2000,466400.0,1712974.0,0.0,497.0,112.0,901.0,3898.0,8.08,623.75,9805593.6,98000.0,20000.0,35000.0
Lithuania,2001,440300.0,1718438.0,236.0,1222.0,126.5,284.0,1264.0,7.17,756.43,9256867.2,102000.0,20000.0,40000.0
Lithuania,2002,441000.0,1764934.0,227.0,1203.0,124.3,361.0,1470.0,7.72,614.09,9271584.0,115000.0,30000.0,44000.0
Lithuania,2003,445500.0,1788683.0,224.0,973.0,133.6,520.0,1765.0,6.88,628.95,9366192.0,116000.0,31000.0,43000.0
Lithuania,2004,441000.0,1841616.0,237.6,955.1,175.5,684.0,2048.0,6.88,694.16,9271584.0,117000.0,32000.0,44000.0
Lithuania,2005,433937.0,1853615.0,416.1,890.7,204.0,310.0,742.0,6.88,644.09,9123091.488,119000.0,32000.0,44000.0
Lithuania,2006,420300.0,1884625.0,434.6,876.3,210.4,2652.0,7229.0,7.38,609.8,8836387.2,122000.0,39000.0,56000.0
Lithuania,2007,410200.0,1931222.0,368.0,830.4,328.7,3573.0,7751.0,7.83,753.47,8624044.8,127000.0,39000.0,53000.0
Lithuania,2008,393300.0,1879121.0,359.8,783.2,365.7,4467.0,9844.0,8.14,683.25,8268739.2,118300.0,22000.0,29000.0
Lithuania,2009,371440.0,1786949.0,481.3,607.6,248.4,6776.0,16607.0,7.13,730.65,7809154.56,134400.0,33000.0,43000.0
Lithuania,2010,353506.0,1732512.0,536.0,614.2,331.4,13203.0,29539.0,6.3,851.14,7432110.144,143200.0,35000.0,43000.0
Lithuania,2011,354593.0,1782326.0,562.0,589.3,397.2,38161.0,77256.0,7.68,659.53,7454963.232,147000.0,36000.0,46000.0
Lithuania,2012,339484.0,1774529.0,579.0,549.9,334.0,48731.0,95418.0,6.78,786.07,7137311.616,153000.0,39000.0,50000.0
Lithuania,2013,323499.0,1719515.0,561.3,568.4,420.1,70638.0,111003.0,7.54,686.89,6801242.976,157226.0,41604.0,52291.0
Lithuania,2014,316179.0,1791134.0,543.6,568.1,372.1,90243.0,176363.0,7.84,646.8,6647347.296,163200.0,44475.0,54965.0
Lithuania,2015,314044.0,1734726.0,311.0,799.0,238.2,45763.0,121751.0,8.43,575.75,6602461.056,162813.0,46244.0,57179.0
Lithuania,2016,300489.0,1623869.0,227.3,776.6,235.5,42512.0,112975.0,7.69,763.94,6317480.736,160237.0,50884.0,71413.0
Lithuania,2017,285751.0,1566653.0,198.7,796.1,335.0,45878.0,86818.0,7.5,837.48,6007629.024,167149.0,53762.0,75940.0
Lithuania,2018,256200.0,1568010.0,205.0,796.0,332.8,49788.0,104565.0,8.19,580.61,5386348.8,159433.0,51361.0,71594.0
Lithuania,2019,240900.0,1547430.0,258.5,728.0,320.7,46114.0,104210.0,8.64,613.89,5064681.6,178603.0,52586.8,72025.2
Lithuania,2020,232900.0,1488000.0,251.3,658.0,325.5,47385.0,101652.0,8.96,636.34,4896489.6,185778.74,54512.78,74632.29
Luxembourg,2000,48607.0,264480.0,0.0,65.0,296.1,32869.0,94012.0,10.39,1084.78,1021913.568,185778.74,54512.78,74632.29
Luxembourg,2001,47837.0,269674.0,14.62,65.0,307.3,30672.0,75075.0,9.86,1171.92,1005725.088,185778.74,54512.78,74632.29
Luxembourg,2002,46936.0,270665.0,13.84,65.0,313.4,28969.0,92504.0,10.31,1103.5,986782.464,12905.0,1794.0,1884.0
Luxembourg,2003,44950.0,267114.0,13.95,65.0,368.1,39430.0,96844.0,10.18,756.5,945028.8,12905.0,1794.0,1884.0
Luxembourg,2004,43956.0,268539.0,14.08,65.0,400.0,50690.0,71286.0,9.68,910.5,924130.944,16355.0,2062.0,2267.0
Luxembourg,2005,43418.0,269711.0,11.73,67.0,379.8,45633.0,58392.0,9.95,793.72,912820.032,14230.0,2171.0,2388.0
Luxembourg,2006,42193.0,268073.0,11.3,67.0,379.5,46096.0,52516.0,10.3,911.92,887065.632,14034.0,1708.0,1876.0
Luxembourg,2007,42939.0,274243.0,11.92,68.0,494.8,67728.0,123303.0,10.47,1047.62,902749.536,13312.0,1696.0,1853.0
Luxembourg,2008,43585.0,277672.0,11.36,67.0,550.0,82778.0,139674.0,9.9,979.69,916331.04,13329.0,1083.0,1120.0
Luxembourg,2009,44310.0,283876.0,11.65,67.37,361.1,66779.0,106127.0,10.04,948.82,931573.44,13384.0,990.0,734.0
Luxembourg,2010,45008.0,295302.0,11.88,67.59,396.7,61520.0,143674.0,8.8,992.27,946248.192,13766.0,1180.0,1049.0
Luxembourg,2011,44113.0,292247.0,12.71,67.64,458.6,70625.0,139969.0,10.59,806.14,927431.712,14446.0,1182.0,1182.0
Luxembourg,2012,43436.0,289395.0,13.65,67.29,399.8,59393.0,141027.0,9.87,982.17,913198.464,13675.0,1183.0,1315.0
Luxembourg,2013,46195.0,295855.0,12.58,66.9,490.0,81271.0,157188.0,9.37,945.12,971203.68,13366.0,1179.0,917.0
Luxembourg,2014,46199.0,317045.0,12.79,66.83,497.7,89601.0,172664.0,11.1,900.24,971287.776,12714.0,1180.0,1180.0
Luxembourg,2015,46903.0,346253.0,12.05,66.92,329.9,75936.0,221644.0,10.56,816.56,986088.672,13007.0,1182.0,1051.0
Luxembourg,2016,51025.0,376217.0,11.92,67.12,308.4,77071.0,239852.0,10.12,976.33,1072749.6,13731.0,1124.0,1359.0
Luxembourg,2017,52701.0,387176.0,12.141,67.413,399.4,102107.0,242096.0,10.45,897.76,1107985.824,13574.85,1167.31,904.99
Luxembourg,2018,53000.0,407620.0,12.967,67.705,396.3,103168.0,247223.0,11.16,814.82,1114272.0,13038.0,908.0,631.0
Luxembourg,2019,54150.0,421260.0,11.986,67.884,378.7,99933.0,251429.0,10.83,897.21,1138449.6,13795.0,849.0,578.0
Luxembourg,2020,54230.0,447340.0,13.116,68.25,391.8,109231.0,266546.0,11.33,827.43,1140131.52,13092.03,890.6,843.03
Malta,1991,6300.0,34964.0,13.116,1080.0,391.8,0.0,0.0,18.55,538.95,132451.2,13092.03,890.6,843.03
Malta,1992,8784.0,51422.0,13.116,1080.0,391.8,0.0,0.0,18.75,464.97,184674.816,13092.03,890.6,843.03
Malta,1993,8614.0,50275.0,13.116,1080.0,391.8,0.0,0.0,18.95,433.18,181100.736,13092.03,890.6,843.03
Malta,1994,8026.0,46322.0,13.116,1080.0,391.8,0.0,0.0,19.89,447.05,168738.624,13092.03,890.6,843.03
Malta,1995,6000.0,33061.0,13.116,1080.0,416.4,0.0,0.0,19.1,577.28,126144.0,13092.03,890.6,843.03
Malta,1996,8600.0,41000.0,13.116,1080.0,407.8,0.0,0.0,18.99,593.58,180806.4,13092.03,890.6,843.03
Malta,1997,9800.0,47001.0,13.116,1080.0,378.3,0.0,0.0,19.47,537.41,206035.2,13092.03,890.6,843.03
Malta,1998,7753.0,47968.0,13.116,1080.0,383.6,27.0,5.0,19.29,395.24,162999.072,1159.0,170.0,170.0
Malta,1999,10000.0,48679.0,13.116,1080.0,378.5,0.0,1.0,19.98,430.16,210240.0,451.0,131.0,131.0
Malta,2000,8666.0,47969.0,13.116,1080.0,353.8,1.0,1.0,19.54,396.05,182193.984,754.71,150.0,150.0
Malta,2001,8200.0,46888.0,13.116,1080.0,348.9,2.0,0.0,19.97,355.37,172396.8,624.48,200.0,200.0
Malta,2002,8241.0,44220.0,13.116,1080.0,378.2,23.0,4.0,19.62,434.52,173258.784,659.66,156.0,175.0
Malta,2003,8033.0,41306.0,13.116,1080.0,450.7,7.0,1.0,19.82,601.7,168885.792,535.98,168.0,187.0
Malta,2004,7607.0,41122.0,13.116,1080.0,496.2,0.0,0.0,19.38,449.39,159929.568,526.97,263.0,264.0
Malta,2005,7835.0,41474.0,13.116,1080.0,444.5,0.0,0.0,19.18,484.93,164723.04,590.89,129.0,159.0
Malta,2006,7832.0,41250.0,13.116,1080.0,433.3,4.0,2.0,19.7,480.6,164659.968,681.24,118.0,140.0
Malta,2007,7545.0,40593.0,13.116,1080.0,516.9,0.0,0.0,19.73,509.71,158626.08,591.79,137.0,178.0
Malta,2008,7247.0,40029.0,13.116,1080.0,695.8,26.0,23.0,19.75,418.19,152360.928,407.2,121.0,132.0
Malta,2009,6931.0,39455.0,13.116,1080.0,623.2,0.0,0.0,19.66,599.17,145717.344,439.96,6.0,13.0
Malta,2010,6362.0,42127.0,13.116,1080.0,547.5,7.0,3.0,19.9,458.42,133754.688,551.92,71.0,98.0
Malta,2011,6308.0,41693.0,13.116,1080.0,655.8,43.0,33.0,19.49,491.05,132619.392,470.79,131.0,243.0
Malta,2012,6420.0,43360.0,13.116,1080.0,629.6,9.0,20.0,19.94,444.8,134974.08,548.3,63.44,86.11
Malta,2013,6430.0,40986.0,13.116,1080.0,692.9,1.0,1.0,19.83,455.99,135184.32,571.43,70.81,89.47
Malta,2014,6502.0,42833.0,13.116,1080.0,621.4,1.0,1.0,20.18,479.55,136698.048,594.58,64.79,75.05
Malta,2015,6374.0,41638.0,13.116,1080.0,621.4,1.0,1.0,20.06,549.9,134006.976,617.75,86.96,122.68
Malta,2016,6498.0,43213.0,13.116,1080.0,621.4,1.0,1.0,20.25,375.79,136613.952,568.15,127.79,148.87
Malta,2017,6138.0,41091.0,13.116,1080.0,621.4,2460.0,2551.0,19.78,459.63,129045.312,585.49,125.64,135.95
Malta,2018,6230.0,40410.0,13.116,1080.0,621.4,2.0,3.0,20.06,507.0,130979.52,585.7,91.86,132.52
Malta,2019,6120.0,41270.0,13.116,1080.0,621.4,3.0,1.0,19.92,470.28,128666.88,585.92,104.76,181.33
Malta,2020,6060.0,42110.0,13.116,1080.0,621.4,3.0,1.0,20.04,388.32,127405.44,586.14,406.35,156.11
Netherlands,1991,1819000.0,11047340.0,0.0,1080.0,397.9,40409.0,88873.0,9.52,657.72,38242656.0,391759.0,75000.0,94000.0
Netherlands,1992,1780000.0,11901700.0,0.0,1064.0,432.7,24743.0,45736.0,10.39,813.9,37422720.0,389872.0,69683.0,86000.0
Netherlands,1993,1746733.0,10952650.0,0.0,1064.0,402.7,32795.0,73172.0,9.49,868.94,36723314.592,371555.0,66509.0,81000.0
Netherlands,1994,1697868.0,10872660.0,0.0,1051.0,395.0,35033.0,79055.0,10.55,888.58,35695976.832,395000.0,62000.0,77000.0
Netherlands,1995,1707875.0,11293929.0,0.0,1048.0,439.1,42379.0,89269.0,10.27,802.49,35906364.0,390000.0,70000.0,75000.0
Netherlands,1996,1664648.0,11012592.0,0.0,1052.0,404.0,46281.0,104977.0,8.37,585.78,34997559.552,390000.0,65024.0,72000.0
Netherlands,1997,1591000.0,10922310.0,0.0,1031.0,359.8,32355.0,82526.0,10.11,673.95,33449184.0,375000.0,60000.0,73000.0
Netherlands,1998,1611000.0,10995000.0,0.0,1032.0,371.0,53330.0,134781.0,10.21,1020.33,33869664.0,350000.0,62000.0,73000.0
Netherlands,1999,1588000.0,11174000.0,0.0,1018.0,336.0,55904.0,166261.0,10.86,895.43,33386112.0,345000.0,58000.0,68000.0
Netherlands,2000,1532000.0,11155000.0,0.0,901.9,296.8,65462.0,212401.0,10.83,880.49,32208768.0,300000.0,54000.0,64000.0
Netherlands,2001,1551000.0,10970000.0,112.1,880.9,307.4,57087.0,170413.0,10.28,928.55,32608224.0,296000.0,54000.0,66000.0
Netherlands,2002,1546000.0,10677000.0,107.9,891.9,308.2,66022.0,230832.0,10.72,915.08,32503104.0,292195.0,48013.0,52594.0
Netherlands,2003,1551400.0,11075000.0,194.6,790.6,354.4,178607.0,459122.0,10.55,631.8,32616633.6,290559.0,52442.0,54091.0
Netherlands,2004,1502000.0,10905000.0,221.3,790.8,376.8,151271.0,358880.0,10.28,846.8,31578048.0,300495.0,50852.0,51524.0
Netherlands,2005,1486000.0,10847000.0,205.1,794.9,374.3,163454.0,401681.0,10.52,810.49,31241664.0,279246.0,48623.0,47434.0
Netherlands,2006,1443000.0,10989100.0,202.1,817.1,336.8,164713.0,399982.0,10.91,753.69,30337632.0,287767.0,48314.0,41715.0
Netherlands,2007,1490000.0,11061750.0,195.7,820.7,435.0,211863.0,400959.0,11.04,910.25,31325760.0,241217.0,36058.0,42932.0
Netherlands,2008,1587000.0,11285910.0,190.6,827.8,492.1,256566.0,442211.0,10.53,843.28,33365088.0,231058.0,26678.0,27802.0
Netherlands,2009,1572230.0,11468570.0,189.9,827.2,357.2,258490.0,545428.0,10.47,754.39,33054563.52,224188.0,9909.0,17102.0
Netherlands,2010,1556840.0,11626123.0,182.0,813.3,399.7,227547.0,446062.0,9.04,793.56,32731004.16,217959.0,30728.0,51268.0
Netherlands,2011,1542800.0,11641718.0,172.3,816.0,476.4,307205.0,525915.0,10.88,759.69,32435827.2,212312.0,14945.0,21035.0
Netherlands,2012,1541000.0,11675448.0,191.7,794.9,410.1,193984.0,382003.0,10.22,842.66,32397984.0,231000.0,23000.0,39000.0
Netherlands,2013,1597000.0,12212690.0,209.9,773.1,496.9,227876.0,359909.0,9.74,721.25,33575328.0,201997.0,9107.0,28899.0
Netherlands,2014,1610000.0,12473023.0,235.7,757.8,516.5,244842.0,379088.0,11.61,761.15,33848640.0,221682.33,9116.0,28208.33
Netherlands,2015,1717000.0,13330873.0,242.0,766.0,349.0,166279.0,317782.0,10.86,816.79,36098208.0,241367.67,9125.0,27517.67
Netherlands,2016,1794000.0,14324294.0,245.0,749.0,324.9,222142.0,350066.0,10.65,782.77,37717056.0,224076.0,14683.0,61094.0
Netherlands,2017,1665000.0,14297361.0,248.0,744.0,401.1,335430.0,576113.0,10.89,859.07,35004960.0,224363.0,12843.0,64103.0
Netherlands,2018,1552000.0,14090000.0,223.0,764.0,392.4,353866.0,617430.0,11.4,633.68,32629248.0,208797.0,12904.0,58328.0
Netherlands,2019,1590000.0,14555000.0,216.0,768.0,376.3,285284.0,515189.0,11.24,807.4,33428160.0,209112.0,11740.0,55989.0
Netherlands,2020,1569000.0,14522000.0,205.13,772.41,350.6,191904.0,278490.0,11.66,775.13,32986656.0,214380.0,13616.0,51194.0
Poland,1991,4549296.0,14442457.0,0.0,4038.0,97.4,191904.0,278490.0,8.15,522.38,57536083.836,569300.0,151400.0,288000.0
Poland,1992,4235846.0,13153172.0,0.0,4044.0,134.3,30.0,59.0,8.74,531.48,53571803.3235,683300.0,232000.0,276900.0
Poland,1993,3991000.0,12639430.0,0.0,4047.0,129.2,34.0,87.0,7.81,582.6,50475174.75,757699.0,243000.0,281448.0
Poland,1994,3802000.0,12222310.0,0.0,4055.0,123.2,164.0,368.0,8.88,604.69,48084844.5,836149.0,276000.0,316000.0
Poland,1995,3604300.0,11642395.0,0.0,4047.0,181.4,525.0,853.0,8.17,570.44,45584483.175,851946.0,301672.0,357600.0
Poland,1996,3495000.0,11695786.0,0.0,4125.0,190.3,506.0,815.0,6.62,554.52,44202138.75,910000.0,310000.0,376083.0
Poland,1997,3492580.0,12123333.0,0.0,4136.0,179.0,828.0,1582.0,7.86,621.64,44171532.405,1009700.0,289600.0,400900.0
Poland,1998,3202271.0,12595860.0,0.0,4064.0,174.7,462.0,834.0,8.25,678.29,40499921.90475,862007.0,308414.0,386739.0
Poland,1999,3076959.0,12284365.0,0.0,4034.0,153.3,276.0,424.0,8.91,608.39,38915069.71275,861300.0,296800.0,368400.0
Poland,2000,3014318.0,11889349.0,0.0,4083.0,180.4,279.0,188.0,9.46,618.18,38122833.3255,895500.0,317900.0,401700.0
Poland,2001,2940322.0,11883986.0,0.0,3864.0,191.7,306.0,329.0,8.35,701.48,37186987.4145,861800.0,319900.0,392500.0
Poland,2002,2851364.0,11872686.0,0.0,3562.0,176.0,152.0,137.0,9.09,622.87,36061913.349,831700.0,302600.0,377400.0
Poland,2003,2875948.0,11892323.0,0.0,3268.0,184.6,130.0,145.0,8.39,488.42,36372833.343,895000.0,321900.0,405200.0
Poland,2004,2769524.0,11821982.0,0.0,3365.0,239.0,11545.0,28442.0,8.32,600.03,35026862.409,895300.0,324300.0,408800.0
Poland,2005,2751670.0,11922778.0,0.0,3387.0,287.1,49671.0,137106.0,8.29,571.81,34801058.4075,996500.0,441800.0,527800.0
Poland,2006,2774920.0,11982393.0,0.0,3216.0,299.4,69047.0,153881.0,8.67,551.26,35095106.97,1056200.0,411900.0,502600.0
Poland,2007,2727004.0,12096005.0,0.0,3271.0,386.9,49548.0,92920.0,9.37,668.17,34489101.339,1142300.0,462300.0,537400.0
Poland,2008,2733128.0,12425282.0,0.0,3184.0,424.6,84567.0,161874.0,9.4,598.55,34566553.098,1095400.0,375300.0,428700.0
Poland,2009,2606094.0,12447173.0,0.0,3180.0,287.2,89331.0,218602.0,8.68,677.52,32959922.3415,1023700.0,351700.0,395900.0
Poland,2010,2538184.0,12278718.0,0.0,3230.0,353.5,80121.0,167570.0,7.64,791.84,32101047.594,1091100.0,408400.0,454900.0
Poland,2011,2473165.0,12413796.0,0.0,3291.0,409.1,84949.0,163011.0,8.96,544.78,31278736.04625,1094700.0,370800.0,418300.0
Poland,2012,2441238.0,12667773.0,0.0,3206.0,367.9,131193.0,228061.0,8.57,605.24,30874947.2955,1179100.0,374100.0,390200.0
Poland,2013,2360597.0,12718433.0,0.0,3206.0,429.0,142668.0,200515.0,8.66,646.95,29855060.40825,1098400.0,341100.0,495800.0
Poland,2014,2310259.0,12985520.0,0.0,3120.0,434.6,175048.0,278068.0,9.79,627.32,29218423.13775,1003600.0,303600.0,485000.0
Poland,2015,2279228.0,13236229.0,0.0,3093.0,300.8,174810.0,431058.0,9.79,513.01,28825966.323,1043000.0,325900.0,526500.0
Poland,2016,2145821.0,13244169.0,0.0,3175.0,281.0,194628.0,516993.0,9.25,669.36,27138734.64225,1150600.0,343400.0,555800.0
Poland,2017,2154345.0,13304646.0,0.0,3171.0,368.1,259881.0,529209.0,9.08,725.91,27246539.80125,1178800.0,338700.0,559100.0
Poland,2018,2214100.0,14171150.0,0.0,3150.0,372.7,280513.0,546852.0,9.96,506.45,28002276.225,994100.0,343500.0,567800.0
Poland,2019,2166900.0,14502760.0,0.0,3128.0,352.4,331503.0,712774.0,10.17,539.21,27405326.025,1033500.0,358800.0,559000.0
Poland,2020,2125700.0,14821820.0,0.0,3190.0,354.4,355011.0,733518.0,10.03,622.07,26884259.325,912000.0,322000.0,495000.0
Portugal,1991,382000.0,1696000.0,0.0,838.0,378.4,10405.0,20637.0,15.41,675.71,8031168.0,141000.0,76000.0,41000.0
Portugal,1992,381000.0,1681000.0,0.0,838.0,388.0,3344.0,4816.0,15.4,612.17,8010144.0,127000.0,70000.0,45000.0
Portugal,1993,386000.0,1587000.0,0.0,962.0,345.8,4249.0,9581.0,14.78,856.49,8115264.0,129000.0,73000.0,48000.0
Portugal,1994,379000.0,1638000.0,0.0,1000.0,359.7,12398.0,31667.0,15.72,738.54,7968096.0,128000.0,73000.0,47000.0
Portugal,1995,384000.0,1749605.0,0.0,1024.0,380.0,21944.0,49688.0,16.24,849.71,8073216.0,125000.0,71000.0,48000.0
Portugal,1996,376000.0,1784773.0,0.0,1000.0,357.3,26525.0,61842.0,15.38,1221.24,7905024.0,132000.0,76000.0,50000.0
Portugal,1997,377000.0,1814403.0,0.0,992.0,323.2,27689.0,72995.0,16.19,1120.33,7926048.0,121000.0,67000.0,48000.0
Portugal,1998,372000.0,1850033.0,0.0,1214.5,323.6,58303.0,142476.0,15.82,657.82,7820928.0,131000.0,71000.0,50000.0
Portugal,1999,357000.0,2039803.0,0.0,1437.0,312.8,50108.0,128326.0,15.54,817.12,7505568.0,120000.0,69000.0,48000.0
Portugal,2000,329000.0,2060161.0,0.0,1416.96,275.3,52300.0,162436.0,15.57,991.18,6916896.0,113000.0,63000.0,43000.0
Portugal,2001,305000.0,1983208.0,42.41,1443.08,287.9,42233.0,128344.0,15.69,921.41,6412320.0,103000.0,62000.0,43000.0
Portugal,2002,299000.0,2102959.0,44.81,1469.2,309.3,47278.0,144449.0,15.57,970.3,6286176.0,101000.0,58000.0,38000.0
Portugal,2003,288000.0,1951934.0,47.2,1495.31,364.3,52428.0,130237.0,16.07,1005.4,6054912.0,95000.0,54000.0,37000.0
Portugal,2004,297000.0,2010110.0,49.63,1631.98,407.0,67544.0,138513.0,15.67,690.79,6244128.0,88000.0,51000.0,35000.0
Portugal,2005,285000.0,2061211.0,52.06,1769.0,396.7,57623.0,119552.0,15.7,586.11,5991840.0,84000.0,49000.0,34000.0
Portugal,2006,270000.0,1983757.0,58.65,1774.67,362.6,52879.0,103862.0,16.26,1004.94,5676480.0,87391.0,51149.0,31654.0
Portugal,2007,269000.0,1968632.0,65.25,1781.67,444.3,76879.0,124381.0,15.54,681.62,5655456.0,113005.0,68049.0,52504.0
Portugal,2008,265000.0,2021686.0,48.46,1782.65,530.5,114396.0,150855.0,15.56,849.56,5571360.0,105131.0,41135.0,43463.0
Portugal,2009,255000.0,1998738.0,31.66,1784.6,407.2,118909.0,223774.0,16.22,919.56,5361120.0,97293.0,26427.0,18675.0
Portugal,2010,243000.0,1918251.0,33.14,1792.6,383.8,103420.0,216872.0,15.74,1335.84,5108832.0,100249.0,41432.0,29258.0
Portugal,2011,242000.0,1918517.0,34.62,1800.59,436.8,118921.0,229508.0,16.23,836.21,5087808.0,95088.0,29563.0,24652.0
Portugal,2012,237000.0,1938126.0,35.12,1808.59,383.5,123833.0,251888.0,15.78,737.72,4982688.0,106864.0,33157.0,29519.0
Portugal,2013,231000.0,1850604.0,33.51,1816.59,435.6,112552.0,200161.0,15.69,972.33,4856544.0,110643.0,39597.0,40562.0
Portugal,2014,234000.0,1942777.0,29.16,1816.59,456.9,120943.0,206124.0,16.2,998.85,4919616.0,129991.31,42269.39,37525.53
Portugal,2015,243000.0,2049809.0,56.2,1816.59,324.1,79369.0,191809.0,16.27,581.72,5108832.0,117906.09,46170.02,34645.63
Portugal,2016,239000.0,1963084.0,56.71,1875.85,301.0,53313.0,112496.0,16.12,984.18,5024736.0,108440.48,43601.66,31990.84
Portugal,2017,239000.0,1959423.0,94.2326,1934.778,327.9,48647.0,99855.0,16.52,588.14,5024736.0,102584.04,41073.51,33291.77
Portugal,2018,235470.0,1939670.0,93.1191,1992.613,355.8,48103.0,86582.0,15.8,996.79,4950521.28,101364.5,38890.53,34851.68
Portugal,2019,234230.0,1975490.0,120.8285,2050.4479,336.7,50402.0,98688.0,16.12,691.38,4924451.52,105499.01,38119.66,37611.3
Portugal,2020,232750.0,1993610.0,104.0774,2054.6207,339.8,51432.0,102389.0,16.42,823.56,4893336.0,105329.98,40163.95,35293.12
Romania,1991,1898108.0,3619480.0,0.0,4778.0,339.8,51432.0,102389.0,8.95,717.67,24005846.403,275000.0,145000.0,43000.0
Romania,1992,1782146.0,3463469.0,0.0,4830.0,339.8,51432.0,102389.0,9.49,519.92,22539245.9985,362000.0,165000.0,26000.0
Romania,1993,1504000.0,3669700.0,0.0,4852.0,125.8,51432.0,102389.0,8.97,588.07,19021464.0,411000.0,166000.0,25000.0
Romania,1994,1539400.0,4295500.0,0.0,4872.0,166.9,51432.0,102389.0,10.61,537.44,19469176.65,227600.0,111800.0,34700.0
Romania,1995,1585700.0,4614700.0,0.0,4890.0,195.6,51432.0,102389.0,9.38,710.02,20054744.325,233000.0,127000.0,3400.0
Romania,1996,1552700.0,4686204.0,0.0,4900.0,196.2,51432.0,102389.0,9.06,655.93,19637385.075,266000.0,141000.0,15000.0
Romania,1997,1536500.0,4637954.0,0.0,4900.0,149.1,51432.0,102389.0,8.82,721.63,19432499.625,220000.0,85000.0,10000.0
Romania,1998,1680000.0,4511924.0,0.0,4904.0,188.2,9.0,1.0,9.39,721.07,21247380.0,268000.0,80000.0,12000.0
Romania,1999,1647000.0,4360295.0,0.0,4936.0,129.5,20.0,32.0,10.12,725.58,20830020.75,182000.0,46000.0,9000.0
Romania,2000,1692000.0,4301259.0,0.0,4949.0,127.0,16.0,24.0,10.53,446.36,21399147.0,239279.0,56000.0,9000.0
Romania,2001,1692000.0,4457353.0,976.0,4936.0,139.6,24.0,18.0,9.89,696.85,21399147.0,268469.0,86492.0,14456.0
Romania,2002,1684200.0,4637438.0,1156.0,4959.0,145.0,9.0,7.0,10.46,610.16,21300498.45,239071.0,72996.0,14056.0
Romania,2003,1694575.0,4852149.0,1224.0,4958.0,176.1,14.0,9.0,9.49,531.32,21431713.66875,252139.0,95070.0,15051.0
Romania,2004,1622000.0,5053100.0,558.0,4786.0,340.3,73.0,58.0,9.72,727.55,20513839.5,270131.0,94073.0,15800.0
Romania,2005,1592000.0,5007800.0,820.0,4685.0,398.1,830.0,890.0,9.4,795.5,20134422.0,299195.0,138137.0,24060.0
Romania,2006,1658000.0,5313358.0,859.0,4631.0,434.3,396.0,424.0,9.64,667.42,20969140.5,252201.0,93846.0,16837.0
Romania,2007,1669000.0,5028254.0,768.0,4494.0,533.2,601.0,543.0,11.03,702.7,21108260.25,265487.0,103324.0,18405.0
Romania,2008,1596000.0,4883436.0,829.0,4450.0,631.2,607.0,617.0,10.73,628.0,20185011.0,279886.0,102418.0,15681.0
Romania,2009,1506000.0,4682071.0,826.0,4372.0,632.9,321.0,380.0,10.78,644.73,19046758.5,296055.0,100546.0,29606.0
Romania,2010,1441398.0,3964882.0,851.0,4547.0,619.9,660.0,1092.0,10.17,831.02,18229720.8555,305757.0,123331.0,51500.0
Romania,2011,1198800.0,4093735.0,877.0,4543.0,695.4,2521.0,4456.0,9.88,478.42,15161523.3,313333.0,126249.0,47362.0
Romania,2012,1170000.0,3900610.0,873.0,4489.0,654.5,5659.0,7539.0,10.57,603.7,14797282.5,289963.0,113035.0,34974.0
Romania,2013,1162700.0,3981053.0,859.0,4717.0,634.0,15981.0,21467.0,10.68,661.74,14704957.575,344468.0,113823.0,33540.0
Romania,2014,1168859.0,4129838.0,858.0,4627.0,624.0,23618.0,35007.0,11.05,769.08,14782851.98775,303562.0,118574.0,30103.0
Romania,2015,1188203.0,4005994.0,853.0,4655.0,511.8,18449.0,32379.0,11.09,611.81,15027500.39175,357352.0,132657.0,42693.0
Romania,2016,1190758.0,3954331.0,864.0,4521.0,502.6,22800.0,43263.0,10.62,732.64,15059814.1155,344311.0,126189.0,43626.0
Romania,2017,1192543.0,3814132.0,875.0,4420.0,525.6,25906.0,41292.0,10.66,649.58,15082389.45675,381342.0,144869.0,55259.0
Romania,2018,1158200.0,3797600.0,907.0,4288.0,479.5,32403.0,48293.0,11.21,642.89,14648044.95,468639.0,188411.0,65635.0
Romania,2019,1138800.0,3663200.0,901.0,4448.0,474.3,32146.0,48034.0,11.7,555.48,14402688.3,455964.0,201329.0,92258.0
Romania,2020,1139800.0,3679600.0,887.0,4260.0,499.5,25315.0,36539.0,11.3,628.35,14415335.55,468891.0,187577.0,81985.0
Slovakia,1993,429171.0,1250000.0,0.0,835.0,204.1,2274.0,7917.0,8.08,623.24,5427832.92975,64883.0,16472.0,15000.0
Slovakia,1994,385949.0,1190500.0,0.0,835.0,210.4,1892.0,7602.0,9.31,740.3,4881193.49025,68656.0,16600.0,13800.0
Slovakia,1995,359348.0,1187100.0,0.0,840.0,226.6,1728.0,5479.0,8.19,785.85,4544763.993,72029.0,16800.0,18700.0
Slovakia,1996,355199.0,1125300.0,0.0,842.0,218.5,1810.0,5253.0,6.99,797.44,4492290.55275,77644.0,20900.0,20200.0
Slovakia,1997,335381.0,1116100.0,0.0,846.0,216.2,696.0,2106.0,7.79,719.51,4241647.35225,72500.0,17800.0,17100.0
Slovakia,1998,299614.0,1175951.0,0.0,848.0,220.1,971.0,3115.0,8.35,807.56,3789293.1615,82814.0,20500.0,17100.0
Slovakia,1999,283895.0,1162630.0,0.0,856.0,187.9,2884.0,11111.0,8.65,842.31,3590491.03875,65357.0,13114.0,10576.0
Slovakia,2000,250974.0,1067000.0,0.0,865.0,182.9,3933.0,16741.0,9.46,694.97,3174130.9215,82100.0,19226.0,16800.0
Slovakia,2001,242496.0,1147200.0,40.8,784.0,180.3,4068.0,15662.0,8.35,805.91,3066907.536,81345.0,19227.0,16763.0
Slovakia,2002,230379.0,1197800.0,33.8,799.0,199.4,8022.0,28575.0,9.12,794.47,2913660.80775,81300.0,17747.0,18133.0
Slovakia,2003,230182.0,1142300.0,38.1,795.0,246.0,11466.0,33957.0,8.51,587.53,2911169.2995,79911.0,16229.0,15414.0
Slovakia,2004,214467.0,1078600.0,21.6,514.0,285.2,28851.0,69002.0,8.26,795.9,2712417.76575,81317.0,18053.0,17178.0
Slovakia,2005,201725.0,1100000.0,29.0,524.0,303.5,38176.0,92982.0,7.95,830.39,2551266.50625,78681.0,16850.0,16450.0
Slovakia,2006,198580.0,1091737.0,42.0,536.0,316.3,38246.0,93626.0,8.42,704.88,2511490.905,88935.0,20055.0,17485.0
Slovakia,2007,184950.0,1074655.0,49.0,528.0,386.2,62169.0,107255.0,9.44,784.66,2339108.8875,87737.0,18396.0,17729.0
Slovakia,2008,180207.0,1057250.0,53.0,532.0,475.0,124832.0,159714.0,9.45,754.94,2279122.98075,77058.0,14732.0,11976.0
Slovakia,2009,173854.0,957327.0,61.0,524.0,274.8,59822.0,150258.0,9.12,839.54,2198775.0015,86873.0,13153.0,8198.0
Slovakia,2010,162504.0,917977.0,69.1,527.3,291.7,93018.0,135075.0,8.1,1108.74,2055228.714,92969.0,15136.0,10304.0
Slovakia,2011,159260.0,928315.0,78.9,518.2,386.4,121862.0,173571.0,8.84,606.58,2014201.035,101004.0,19167.0,13297.0
Slovakia,2012,154105.0,928315.0,73.8,514.9,358.2,91195.0,179382.0,9.01,661.49,1949004.46125,113581.0,20519.0,14764.0
Slovakia,2013,150272.0,959418.0,72.6,511.0,379.1,133775.0,222835.0,8.94,780.59,1900527.552,113581.0,20519.0,14764.0
Slovakia,2014,144875.0,933887.0,72.8,511.4,395.0,119758.0,204094.0,10.07,849.39,1832270.34375,119036.0,22716.0,16566.0
Slovakia,2015,143083.0,948711.0,63.0,520.6,299.5,88772.0,223302.0,9.82,675.05,1809606.47175,114773.0,21588.0,16177.0
Slovakia,2016,139229.0,957422.0,60.0,521.0,263.0,71289.0,179210.0,9.2,901.74,1760863.97025,126236.0,24297.0,18869.0
Slovakia,2017,132610.0,933298.0,59.0,518.0,306.7,87194.0,172986.0,9.08,797.31,1677151.8225,122541.15,23207.62,17676.69
Slovakia,2018,127870.0,904620.0,56.0,524.0,346.3,77099.0,141840.0,10.05,706.6,1617203.8575,128976.88,25671.76,19649.86
Slovakia,2019,125850.0,904260.0,53.0,518.0,331.7,64509.0,137501.0,10.14,769.31,1591656.4125,128532.97,26090.97,19638.25
Slovakia,2020,122050.0,917690.0,54.0,519.0,338.7,60385.0,130043.0,9.63,844.38,1543596.8625,127676.52,27411.93,19637.66
Slovenia,1992,220023.0,580218.0,0.0,328.0,250.4,21160.0,62960.0,9.76,1388.34,4625763.552,127676.52,27411.93,19637.66
Slovenia,1993,210609.0,549020.0,0.0,325.0,237.4,11334.0,35373.0,9.2,1304.13,4427843.616,127676.52,27411.93,19637.66
Slovenia,1994,213703.0,575919.0,0.0,319.0,273.1,16874.0,54789.0,10.46,1348.46,4492891.872,44665.0,18000.0,22200.0
Slovenia,1995,215161.0,607685.0,0.0,309.0,322.3,21898.0,61944.0,9.17,1501.47,4523544.864,35000.0,17000.0,21700.0
Slovenia,1996,212293.0,592797.0,0.0,301.0,301.4,21252.0,54967.0,8.45,1554.49,4463248.032,24200.0,17500.0,21600.0
Slovenia,1997,192141.0,586735.0,0.0,290.0,292.3,18091.0,48968.0,9.44,1245.37,4039572.384,34102.0,17534.0,22343.0
Slovenia,1998,202300.0,599279.0,0.0,287.0,318.2,18164.0,51054.0,9.56,1457.5,4253155.2,34813.0,18785.0,22992.0
Slovenia,1999,140000.0,633832.0,0.0,298.0,300.1,9400.0,31000.0,9.59,1449.95,2943360.0,34392.0,19751.0,24451.0
Slovenia,2000,140236.0,648628.0,0.0,314.0,259.5,3933.0,16741.0,10.4,1387.37,2948321.664,34848.0,18375.0,22329.0
Slovenia,2001,140236.0,652835.0,22.0,307.0,259.4,16978.0,57371.0,9.58,1223.98,2948321.664,34770.0,16685.0,21012.0
Slovenia,2002,135805.0,727639.0,22.0,307.0,265.0,14507.0,46646.0,10.19,1423.15,2855164.32,33001.0,14949.0,19834.0
Slovenia,2003,139980.0,661651.0,16.0,308.0,310.0,10514.0,30108.0,9.86,1046.42,2942939.52,34035.0,15029.0,20186.0
Slovenia,2004,130711.0,650400.0,21.0,287.0,330.5,18634.0,49584.0,9.15,1516.46,2748068.064,29974.0,14292.0,18865.0
Slovenia,2005,134009.0,659031.0,20.0,305.0,327.5,38299.0,97428.0,8.78,1396.25,2817405.216,28864.0,13152.0,15985.0
Slovenia,2006,120273.0,659031.0,22.0,285.0,334.5,76006.0,183778.0,9.67,1195.38,2528619.552,29947.0,12987.0,14383.0
Slovenia,2007,112510.0,642262.0,22.0,297.0,380.9,103075.0,208610.0,10.3,1293.64,2365410.24,29220.0,12664.0,14908.0
Slovenia,2008,116391.0,666472.0,23.1,385.08,480.3,129000.0,217620.0,10.15,1431.38,2447004.384,24883.0,11887.0,14556.0
Slovenia,2009,113400.0,653682.0,23.2,389.97,361.1,92569.0,220763.0,10.05,1504.02,2384121.6,27068.0,7354.0,8662.0
Slovenia,2010,113103.0,625521.0,23.2,387.55,351.5,111733.0,244259.0,9.12,1586.25,2377877.472,27328.0,9801.0,12077.0
Slovenia,2011,109467.0,601591.0,23.2,383.72,407.7,130789.0,244076.0,10.3,1048.25,2301434.208,26999.0,9111.0,11177.0
Slovenia,2012,109068.0,620943.0,23.1,376.12,385.8,128036.0,266254.0,10.23,1372.4,2293045.632,26300.0,8891.0,10804.0
Slovenia,2013,111022.0,595496.0,23.3,372.94,426.8,147616.0,269463.0,9.88,1591.09,2334126.528,27263.0,8900.0,10840.0
Slovenia,2014,109571.0,616581.0,23.1,377.73,457.2,149142.0,271286.0,10.72,1780.04,2303620.704,28612.0,9141.0,10664.0
Slovenia,2015,107841.0,630583.0,23.2,379.15,313.3,119211.0,303863.0,10.57,1434.19,2267249.184,28319.0,9435.0,11524.0
Slovenia,2016,112838.0,649675.0,23.2,379.77,276.5,109746.0,317779.0,10.14,1698.73,2372306.112,27097.0,9161.0,11356.0
Slovenia,2017,107841.0,647986.0,23.1,377.01,339.5,131081.0,304714.0,10.12,1545.1,2267249.184,27083.91,9132.72,11062.93
Slovenia,2018,102710.0,628930.0,22.9,376.26,344.0,138794.0,311489.0,10.98,1415.59,2159375.04,27293.0,9132.0,11157.0
Slovenia,2019,100840.0,623020.0,22.8,377.82,359.6,126033.0,287024.0,10.88,1618.71,2120060.16,28047.0,8104.0,10143.0
Slovenia,2020,99210.0,630650.0,22.8,376.54,352.6,130978.0,302200.0,10.55,1588.68,2085791.04,27992.0,8402.0,9917.0
Spain,1991,1566000.0,6673700.0,0.0,10282.0,336.7,1076.0,2501.0,13.37,566.39,32923584.0,998705.0,501655.0,381382.0
Spain,1992,1454000.0,6183900.0,0.0,10332.0,342.1,1127.0,2022.0,13.34,568.24,30568896.0,817621.0,423177.0,334000.0
Spain,1993,1379000.0,6159200.0,0.0,10376.0,299.9,6901.0,15367.0,12.93,607.67,28992096.0,929300.0,496390.0,392000.0
Spain,1994,1338000.0,6030300.0,0.0,10687.0,321.5,21037.0,46237.0,13.98,521.81,28130112.0,982500.0,520900.0,424000.0
Spain,1995,1292000.0,6203500.0,0.0,10966.0,353.1,35133.0,67589.0,14.3,547.02,27163008.0,912800.0,509900.0,446000.0
Spain,1996,1290000.0,6133400.0,0.0,10995.0,349.9,30330.0,62073.0,13.49,852.63,27120960.0,1153100.0,581000.0,458000.0
Spain,1997,1260510.0,5837242.0,0.0,11000.0,307.5,37067.0,91503.0,14.38,817.73,26500962.24,1041900.0,589000.0,477000.0
Spain,1998,1280000.0,6104000.0,0.0,11442.0,316.0,46014.0,106732.0,13.9,509.53,26910720.0,1199000.0,655000.0,513000.0
Spain,1999,1207000.0,6300000.0,0.0,11450.0,293.6,55159.0,127105.0,13.8,603.06,25375968.0,1181000.0,642963.0,496000.0
Spain,2000,1141000.0,6106628.0,0.0,11462.0,252.3,61407.0,158316.0,13.85,663.27,23988384.0,1113700.0,568100.0,467600.0
Spain,2001,1181986.0,6330410.0,1035.2,11476.0,274.5,63705.0,141196.0,13.94,614.29,24850073.664,1110700.0,603800.0,481300.0
Spain,2002,1154000.0,6417900.0,1022.1,11533.0,269.2,58576.0,147034.0,13.91,715.4,24261696.0,1026546.0,605224.0,491138.0
Spain,2003,1117670.0,6443300.0,1089.0,11172.0,323.9,73743.0,156750.0,14.31,730.99,23497894.08,1198606.0,614385.0,468511.0
Spain,2004,1056920.0,6384100.0,1049.0,11114.0,382.4,72084.0,128044.0,13.83,599.73,22220686.08,1072948.0,588850.0,492571.0
Spain,2005,1012000.0,6370200.0,1068.0,11320.0,376.8,49564.0,83276.0,13.68,468.28,21276288.0,923764.0,513454.0,398230.0
Spain,2006,942345.0,6191700.0,1093.0,11035.0,371.6,54657.0,96966.0,14.42,649.59,19811861.28,969783.0,452461.0,388187.0
Spain,2007,967449.0,6143100.0,1032.0,10608.0,483.8,81067.0,114860.0,13.72,588.88,20339647.776,985857.0,554382.0,444853.0
Spain,2008,903287.0,6339900.0,962.0,10870.0,555.7,127854.0,164010.0,13.66,689.68,18990705.888,739757.0,271578.0,319194.0
Spain,2009,888300.0,6251400.0,999.0,10754.0,405.0,59108.0,79776.0,14.33,619.67,18675619.2,781069.0,264211.0,166016.0
Spain,2010,828300.0,6357140.0,1041.0,10324.0,391.6,57466.0,84580.0,13.62,829.65,17414179.2,941100.0,336700.0,359300.0
Spain,2011,797900.0,6522000.0,1079.0,10022.0,429.2,73557.0,94311.0,14.43,545.81,16775049.6,846700.0,362700.0,314600.0
Spain,2012,827200.0,6508700.0,1120.0,9403.0,390.6,105492.0,151394.0,13.93,535.49,17391052.8,843410.0,376590.0,320841.0
Spain,2013,856800.0,6559175.0,1134.0,9600.2,449.1,100201.0,106508.0,13.77,699.14,18013363.2,961507.0,432904.0,354738.0
Spain,2014,844800.0,6786000.0,1148.0,9390.0,472.0,116213.0,116094.0,14.57,650.58,17761075.2,1101895.0,398580.0,357875.0
Spain,2015,844114.0,6825000.0,1114.46,9388.61,337.8,84824.0,106329.0,14.52,498.11,17746652.736,1068103.0,411763.0,380303.0
Spain,2016,818671.0,7097328.0,1130.81,9232.69,331.7,80133.0,96271.0,14.36,658.8,17211739.104,982155.0,414974.0,379007.0
Spain,2017,726131.0,7018786.0,1184.9,9310.363,360.1,100462.0,91938.0,14.62,479.59,15266178.144,1079321.0,436452.0,389629.0
Spain,2018,816690.0,7335620.0,1090.0,9412.96,366.2,104351.0,109835.0,14.23,794.36,17170090.56,1033494.0,425960.0,414675.0
Spain,2019,812870.0,7460360.0,1173.966,9446.884,350.6,96848.0,114600.0,14.42,580.81,17089778.88,1011251.0,479845.94,369058.0
Spain,2020,810740.0,7606070.0,1173.966,9496.243,365.6,96407.0,116300.0,14.65,628.35,17044997.76,1059299.0,486673.0,399489.0
Sweden,1991,528200.0,3200000.0,0.0,568.0,487.6,67.0,76.0,2.97,598.47,11104876.8,185000.0,46092.0,61000.0
Sweden,1992,525351.0,3133000.0,0.0,576.0,518.9,19.0,6.0,3.37,668.85,11044979.424,206802.0,46399.0,61000.0
Sweden,1993,524500.0,3352000.0,0.0,576.0,393.8,35.0,63.0,2.42,665.15,11027088.0,226250.0,50000.0,53000.0
Sweden,1994,509400.0,3421000.0,0.0,576.0,398.1,71.0,94.0,2.44,575.82,10709625.6,215999.0,54000.0,53000.0
Sweden,1995,482100.0,3304000.0,0.0,500.0,434.3,31.0,61.0,2.57,630.91,10135670.4,193067.0,49000.0,52000.0
Sweden,1996,466300.0,3258000.0,0.0,485.0,465.1,43.0,102.0,1.9,570.24,9803491.2,207764.0,49945.0,52848.0
Sweden,1997,468000.0,3276000.0,0.0,460.0,400.9,103.0,150.0,3.2,587.91,9839232.0,206997.0,49000.0,54000.0
Sweden,1998,449000.0,3277000.0,0.0,447.0,382.4,312.0,385.0,2.36,773.68,9439776.0,196000.0,47000.0,51024.0
Sweden,1999,448520.0,3299000.0,0.0,447.0,365.6,1023.0,3074.0,3.04,688.34,9429684.48,197000.0,43000.0,50028.0
Sweden,2000,427620.0,3348000.0,0.0,371.9,334.3,2766.0,9946.0,3.91,820.68,8990282.88,196716.0,39042.0,46724.0
Sweden,2001,418471.0,3339000.0,929.6,371.9,291.5,3784.0,21565.0,2.65,714.02,8797934.304,187029.0,37000.0,41663.0
Sweden,2002,417082.0,3274000.0,934.5,482.3,315.5,3259.0,10701.0,3.19,592.97,8768731.968,184800.0,38300.0,44300.0
Sweden,2003,402520.0,3253000.0,924.0,484.0,382.3,5660.0,15793.0,3.14,577.82,8462580.48,180100.0,38100.0,43700.0
Sweden,2004,403702.0,3275000.0,921.2,504.4,398.7,6404.0,15963.0,3.17,652.36,8487430.848,176800.0,38500.0,44600.0
Sweden,2005,393263.0,3208000.0,996.6,511.0,378.9,6796.0,17666.0,3.5,632.63,8267961.312,161500.0,35300.0,40000.0
Sweden,2006,387530.0,3172000.0,1022.7,501.2,378.3,2272.0,5156.0,3.76,652.16,8147430.72,160300.0,31700.0,37100.0
Sweden,2007,365728.0,3025000.0,1021.8,486.2,449.9,2932.0,5757.0,3.6,683.13,7689065.472,167100.0,31400.0,37600.0
Sweden,2008,365581.0,3029000.0,1054.1,457.7,543.2,6386.0,10715.0,3.75,695.48,7685974.944,186500.0,33500.0,40400.0
Sweden,2009,356776.0,2974000.0,1067.0,436.3,390.7,12656.0,27871.0,3.09,660.26,7500858.624,142400.0,8100.0,18100.0
Sweden,2010,348095.0,2902100.0,1137.32,451.9,478.7,19903.0,34053.0,1.24,644.76,7318349.28,167194.0,22387.0,25288.0
Sweden,2011,346495.0,2890000.0,1139.7,441.3,551.3,21377.0,34961.0,3.96,684.42,7284710.88,171444.0,24296.0,26663.0
Sweden,2012,347969.0,2901000.0,1121.77,434.8,500.4,20666.0,42132.0,2.48,736.57,7315700.256,148097.0,23741.0,25890.0
Sweden,2013,344021.0,2910000.0,1124.51,442.9,563.4,23766.0,37252.0,3.32,587.59,7232697.504,161052.0,27072.0,31059.0
Sweden,2014,344339.0,2973000.0,1109.94,435.68,539.3,18681.0,28459.0,4.18,630.14,7239383.136,181090.0,27677.0,31406.0
Sweden,2015,336801.0,2933000.0,1075.82,449.84,371.4,8325.0,15209.0,3.91,690.14,7080904.224,190228.0,28602.0,30688.0
Sweden,2016,326122.0,2862000.0,1052.56,451.94,360.5,9551.0,12499.0,3.44,625.78,6856388.928,186042.81,30029.0,35077.0
Sweden,2017,326440.0,2816660.0,1035.11,452.94,448.7,10348.0,9563.0,3.16,678.22,6863074.56,198459.65,32954.64,36791.0
Sweden,2018,313050.0,2760230.0,1048.39,455.14,461.2,4732.0,3611.0,3.62,539.63,6581563.2,184187.0,32721.0,38985.0
Sweden,2019,301380.0,2704390.0,1084.5,461.28,418.3,5328.0,5833.0,3.34,682.36,6336213.12,182664.0,29409.0,36070.0
Sweden,2020,304400.0,2772740.0,1064.81,463.52,430.9,6694.0,5966.0,4.47,669.34,6399705.6,215171.0,38110.0,43652.0
